State,District,Year,Area (Hectare),Production (Tonnes),Yield (Tonne/Hectare),,
1. Uttar Pradesh,1. Agra,1997 - 1998,123600.0,391030,3.16,,
,,1998 - 1999,"131,032.00","477,808.00",3.65,,
,,1999 - 2000,"136,395.00","529,651.00",3.88,,
,,2000 - 2001,"137,775.00","420,786.00",3.05,,
,,2001 - 2002,"133,214.00","407,041.00",3.06,,
,,2002 - 2003,"129,806.00","428,284.00",3.3,,
,,2003 - 2004,"130,473.00","424,924.00",3.26,,
,,2004 - 2005,"124,278.00","401,871.00",3.23,,
,,2005 - 2006,"128,432.00","425,073.00",3.31,,
,,2006 - 2007,"124,278.00","344,240.00",2.77,,
,,2007 - 2008,"136,334.00","429,989.00",3.15,,
,,2008 - 2009,"131,947.00","434,501.00",3.29,,
,,2009 - 2010,"138,121.00","439,639.00",3.18,,
,,2010 - 2011,"138,092.00","511,421.00",3.7,,
,,2011 - 2012,"134,825.00","525,413.00",3.9,,
,,2012 - 2013,"134,889.00","516,890.00",3.83,,
,,2013 - 2014,"132,340.00","490,452.00",3.71,,
,,2014 - 2015,"136,036.00","327,983.00",2.41,,
,,2015 - 2016,"120,903.00","390,033.00",3.23,,
,,2016 - 2017,"128,553.00","524,496.00",4.08,,
,,2017 - 2018,"137,141.00","553,638.00",4.04,,
,,2018 - 2019,"132,369.00","578,320.00",4.37,,
,,2019 - 2020,"137,283.00","555,307.00",4.04,,
,,2020 - 2021,"137,658.00","586,148.00",4.26,,
,,2021 - 2022,"141,532.00","573,205.00",4.05,,
,,2022 - 2023,"130,922.00","552,753.00",4.22,,
,2. Aligarh,1997 - 1998,"190,423.00","616,108.00",3.24,,
,,1998 - 1999,"194,677.00","629,068.00",3.23,,
,,1999 - 2000,"205,628.00","625,621.00",3.04,,
,,2000 - 2001,"211,657.00","709,851.00",3.35,,
,,2001 - 2002,"213,864.00","700,120.00",3.27,,
,,2002 - 2003,"212,456.00","718,204.00",3.38,,
,,2003 - 2004,"219,859.00","723,449.00",3.29,,
,,2004 - 2005,"218,709.00","632,775.00",2.89,,
,,2005 - 2006,"215,167.00","655,184.00",3.05,,
,,2006 - 2007,"222,714.00","636,071.00",2.86,,
,,2007 - 2008,"215,097.00","691,967.00",3.22,,
,,2008 - 2009,"221,199.00","749,201.00",3.39,,
,,2009 - 2010,"224,169.00","715,772.00",3.19,,
,,2010 - 2011,"221,809.00","786,313.00",3.55,,
,,2011 - 2012,"217,820.00","820,310.00",3.77,,
,,2012 - 2013,"218,374.00","756,666.00",3.47,,
,,2013 - 2014,"225,289.00","811,266.00",3.6,,
,,2014 - 2015,"223,267.00","546,558.00",2.45,,
,,2015 - 2016,"216,572.00","709,923.00",3.28,,
,,2016 - 2017,"218,163.00","868,289.00",3.98,,
,,2017 - 2018,"223,557.00","961,295.00",4.3,,
,,2018 - 2019,"221,798.00","946,190.00",4.27,,
,,2019 - 2020,"223,574.00","921,572.00",4.12,,
,,2020 - 2021,"223,574.00","934,986.00",4.18,,
,,2021 - 2022,"232,606.00","975,782.00",4.19,,
,,2022 - 2023,"182,135.00","764,238.00",4.2,,
,3. Allahabad,1997 - 1998,"190,876.00","398,756.00",2.09,,
,,1998 - 1999,"203,402.00","391,346.00",1.92,,
,,1999 - 2000,"208,548.00","488,181.00",2.34,,
,,2000 - 2001,"211,443.00","479,894.00",2.27,,
,,2001 - 2002,"210,105.00","442,760.00",2.11,,
,,2002 - 2003,"212,871.00","404,442.00",1.9,,
,,2003 - 2004,"217,811.00","549,516.00",2.52,,
,,2004 - 2005,"204,827.00","367,569.00",1.79,,
,,2005 - 2006,"230,058.00","454,785.00",1.98,,
,,2006 - 2007,"208,249.00","486,357.00",2.34,,
,,2007 - 2008,"223,737.00","499,761.00",2.23,,
,,2008 - 2009,"221,972.00","553,542.00",2.49,,
,,2009 - 2010,"208,376.00","445,788.00",2.14,,
,,2010 - 2011,"210,574.00","519,125.00",2.47,,
,,2011 - 2012,"216,174.00","571,545.00",2.64,,
,,2012 - 2013,"220,342.00","549,112.00",2.49,,
,,2013 - 2014,"214,421.00","522,361.00",2.44,,
,,2014 - 2015,"213,258.00","290,829.00",1.36,,
,,2015 - 2016,"234,879.00","449,089.00",1.91,,
,,2016 - 2017,"223,336.00","669,621.00",3,,
,,2017 - 2018,"210,205.00","790,673.00",3.76,,
,,2018 - 2019,"210,752.00","748,837.00",3.55,,
,,2019 - 2020,"210,714.00","593,160.00",2.82,,
,,2020 - 2021,"210,752.00","755,631.00",3.59,,
,,2021 - 2022,"222,277.00","638,602.00",2.87,,
,,2022 - 2023,"244,722.00","563,350.00",2.3,,
,4. Ambedkar nagar,1997 - 1998,"108,236.00","322,887.00",2.98,,
,,1998 - 1999,"112,662.00","318,477.00",2.83,,
,,1999 - 2000,"113,982.00","315,865.00",2.77,,
,,2000 - 2001,"114,379.00","305,979.00",2.68,,
,,2001 - 2002,"116,838.00","280,746.00",2.4,,
,,2002 - 2003,"117,009.00","322,256.00",2.75,,
,,2003 - 2004,"117,089.00","353,451.00",3.02,,
,,2004 - 2005,"118,518.00","322,228.00",2.72,,
,,2005 - 2006,"114,783.00","341,709.00",2.98,,
,,2006 - 2007,"114,866.00","340,003.00",2.96,,
,,2007 - 2008,"118,472.00","384,323.00",3.24,,
,,2008 - 2009,"119,016.00","394,300.00",3.31,,
,,2009 - 2010,"116,213.00","363,747.00",3.13,,
,,2010 - 2011,"113,528.00","380,546.00",3.35,,
,,2011 - 2012,"118,006.00","396,146.00",3.36,,
,,2012 - 2013,"117,083.00","391,291.00",3.34,,
,,2013 - 2014,"118,419.00","407,835.00",3.44,,
,,2014 - 2015,"120,131.00","275,941.00",2.3,,
,,2015 - 2016,"120,248.00","382,749.00",3.18,,
,,2016 - 2017,"119,766.00","425,050.00",3.55,,
,,2017 - 2018,"117,806.00","484,300.00",4.11,,
,,2018 - 2019,"119,235.00","488,740.00",4.1,,
,,2019 - 2020,"119,046.00","466,422.00",3.92,,
,,2020 - 2021,"119,547.00","459,300.00",3.84,,
,,2021 - 2022,"123,724.00","455,799.00",3.68,,
,,2022 - 2023,"118,413.00","402,367.00",3.4,,
,5. Amethi,2010 - 2011,"83,104.00","232,109.00",2.79,,
,,2011 - 2012,"125,328.00","360,193.00",2.87,,
,,2012 - 2013,"126,450.00","387,190.00",3.06,,
,,2013 - 2014,"127,180.00","302,688.00",2.38,,
,,2014 - 2015,"95,382.00","173,595.00",1.82,,
,,2015 - 2016,"93,992.00","223,231.00",2.38,,
,,2016 - 2017,"126,984.00","388,698.00",3.06,,
,,2017 - 2018,"128,799.00","499,225.00",3.88,,
,,2018 - 2019,"129,363.00","458,204.00",3.54,,
,,2019 - 2020,"126,155.00","389,314.00",3.09,,
,,2020 - 2021,"127,185.00","493,223.00",3.88,,
,,2021 - 2022,"138,543.00","445,416.00",3.22,,
,,2022 - 2023,"129,528.00","381,460.00",2.95,,
,6. Amroha,1997 - 1998,"101,429.00","284,513.00",2.81,,
,,1998 - 1999,"103,684.00","302,560.00",2.92,,
,,1999 - 2000,"94,302.00","289,422.00",3.07,,
,,2000 - 2001,"95,440.00","285,847.00",3,,
,,2001 - 2002,"94,076.00","302,672.00",3.22,,
,,2002 - 2003,"90,591.00","262,505.00",2.9,,
,,2003 - 2004,"92,947.00","288,702.00",3.11,,
,,2004 - 2005,"95,068.00","236,618.00",2.49,,
,,2005 - 2006,"87,386.00","253,682.00",2.9,,
,,2006 - 2007,"89,902.00","282,472.00",3.14,,
,,2007 - 2008,"92,289.00","277,421.00",3.01,,
,,2008 - 2009,"94,217.00","297,255.00",3.16,,
,,2009 - 2010,"97,745.00","278,280.00",2.85,,
,,2010 - 2011,"92,023.00","291,805.00",3.17,,
,,2011 - 2012,"91,042.00","287,966.00",3.16,,
,,2012 - 2013,"90,059.00","289,179.00",3.21,,
,,2013 - 2014,"92,633.00","305,040.00",3.29,,
,,2014 - 2015,"91,563.00","193,106.00",2.11,,
,,2015 - 2016,"92,461.00","273,869.00",2.96,,
,,2016 - 2017,"92,704.00","325,484.00",3.51,,
,,2017 - 2018,"90,058.00","333,755.00",3.71,,
,,2018 - 2019,"88,417.00","336,604.00",3.81,,
,,2019 - 2020,"89,939.00","348,334.00",3.87,,
,,2020 - 2021,"92,094.00","370,218.00",4.02,,
,,2021 - 2022,"96,101.00","379,407.00",3.95,,
,,2022 - 2023,"92,734.00","381,508.00",4.11,,
,7. Auraiya,1997 - 1998,"80,275.00","210,195.00",2.62,,
,,1998 - 1999,"86,080.00","292,191.00",3.39,,
,,1999 - 2000,"86,927.00","282,638.00",3.25,,
,,2000 - 2001,"88,940.00","298,990.00",3.36,,
,,2001 - 2002,"88,476.00","289,048.00",3.27,,
,,2002 - 2003,"87,132.00","246,720.00",2.83,,
,,2003 - 2004,"91,012.00","284,408.00",3.12,,
,,2004 - 2005,"93,788.00","235,712.00",2.51,,
,,2005 - 2006,"91,594.00","267,912.00",2.92,,
,,2006 - 2007,"94,498.00","296,535.00",3.14,,
,,2007 - 2008,"94,475.00","288,716.00",3.06,,
,,2008 - 2009,"98,367.00","348,022.00",3.54,,
,,2009 - 2010,"99,599.00","286,148.00",2.87,,
,,2010 - 2011,"100,626.00","377,448.00",3.75,,
,,2011 - 2012,"101,534.00","390,703.00",3.85,,
,,2012 - 2013,"103,644.00","376,020.00",3.63,,
,,2013 - 2014,"104,354.00","398,006.00",3.81,,
,,2014 - 2015,"104,341.00","236,332.00",2.26,,
,,2015 - 2016,"108,461.00","334,602.00",3.08,,
,,2016 - 2017,"99,678.00","400,407.00",4.02,,
,,2017 - 2018,"102,134.00","396,076.00",3.88,,
,,2018 - 2019,"101,049.00","417,939.00",4.14,,
,,2019 - 2020,"102,910.00","399,702.00",3.88,,
,,2020 - 2021,"102,110.00","423,757.00",4.15,,
,,2021 - 2022,"105,757.00","419,644.00",3.97,,
,,2022 - 2023,"103,008.00","429,543.00",4.17,,
,8. Azamgarh,1997 - 1998,"208,030.00","486,525.00",2.34,,
,,1998 - 1999,"212,687.00","521,201.00",2.45,,
,,1999 - 2000,"216,884.00","535,740.00",2.47,,
,,2000 - 2001,"215,453.00","481,708.00",2.24,,
,,2001 - 2002,"217,147.00","518,173.00",2.39,,
,,2002 - 2003,"216,928.00","434,435.00",2,,
,,2003 - 2004,"222,018.00","552,640.00",2.49,,
,,2004 - 2005,"223,364.00","472,982.00",2.12,,
,,2005 - 2006,"222,018.00","532,399.00",2.4,,
,,2006 - 2007,"221,335.00","542,049.00",2.45,,
,,2007 - 2008,"229,059.00","594,179.00",2.59,,
,,2008 - 2009,"231,715.00","632,582.00",2.73,,
,,2009 - 2010,"234,688.00","607,136.00",2.59,,
,,2010 - 2011,"232,647.00","650,714.00",2.8,,
,,2011 - 2012,"230,874.00","667,688.00",2.89,,
,,2012 - 2013,"235,690.00","693,636.00",2.94,,
,,2013 - 2014,"232,130.00","718,442.00",3.09,,
,,2014 - 2015,"243,897.00","516,574.00",2.12,,
,,2015 - 2016,"231,153.00","630,354.00",2.73,,
,,2016 - 2017,"231,994.00","778,114.00",3.35,,
,,2017 - 2018,"235,094.00","808,724.00",3.44,,
,,2018 - 2019,"230,824.00","852,201.00",3.69,,
,,2019 - 2020,"232,369.00","802,368.00",3.45,,
,,2020 - 2021,"240,293.00","849,680.00",3.54,,
,,2021 - 2022,"244,953.00","850,967.00",3.47,,
,,2022 - 2023,"234,260.00","840,759.00",3.59,,
,9. Baghpat,1997 - 1998,"55,006.00","189,669.00",3.45,,
,,1998 - 1999,"51,002.00","169,326.00",3.32,,
,,1999 - 2000,"56,320.00","208,610.00",3.7,,
,,2000 - 2001,"57,307.00","194,757.00",3.4,,
,,2001 - 2002,"57,709.00","203,180.00",3.52,,
,,2002 - 2003,"56,166.00","206,061.00",3.67,,
,,2003 - 2004,"57,683.00","208,723.00",3.62,,
,,2004 - 2005,"57,480.00","204,817.00",3.56,,
,,2005 - 2006,"57,683.00","188,623.00",3.27,,
,,2006 - 2007,"56,458.00","227,356.00",4.03,,
,,2007 - 2008,"56,669.00","190,691.00",3.36,,
,,2008 - 2009,"56,176.00","213,244.00",3.8,,
,,2009 - 2010,"56,057.00","203,543.00",3.63,,
,,2010 - 2011,"55,863.00","230,100.00",4.12,,
,,2011 - 2012,"54,923.00","232,874.00",4.24,,
,,2012 - 2013,"53,718.00","238,830.00",4.45,,
,,2013 - 2014,"55,347.00","249,172.00",4.5,,
,,2014 - 2015,"51,752.00","175,439.00",3.39,,
,,2015 - 2016,"52,596.00","217,747.00",4.14,,
,,2016 - 2017,"53,849.00","255,083.00",4.74,,
,,2017 - 2018,"56,716.00","251,309.00",4.43,,
,,2018 - 2019,"54,904.00","250,307.00",4.56,,
,,2019 - 2020,"55,446.00","250,782.00",4.52,,
,,2020 - 2021,"55,427.00","253,468.00",4.57,,
,,2021 - 2022,"57,237.00","260,486.00",4.55,,
,,2022 - 2023,"54,815.00","248,696.00",4.54,,
,10. Bahraich,1997 - 1998,"121,154.00","262,266.00",2.16,,
,,1998 - 1999,"119,901.00","256,136.00",2.14,,
,,2000 - 2001,"119,984.00","274,387.00",2.29,,
,,2001 - 2002,"156,030.00","387,202.00",2.48,,
,,2002 - 2003,"158,907.00","391,976.00",2.47,,
,,2003 - 2004,"153,281.00","417,767.00",2.73,,
,,2004 - 2005,"154,736.00","380,127.00",2.46,,
,,2005 - 2006,"154,225.00","370,793.00",2.4,,
,,2006 - 2007,"153,196.00","405,193.00",2.64,,
,,2007 - 2008,"151,961.00","417,589.00",2.75,,
,,2008 - 2009,"155,561.00","440,377.00",2.83,,
,,2009 - 2010,"157,487.00","409,455.00",2.6,,
,,2010 - 2011,"159,722.00","463,983.00",2.9,,
,,2011 - 2012,"152,855.00","468,782.00",3.07,,
,,2012 - 2013,"160,153.00","455,635.00",2.84,,
,,2013 - 2014,"167,831.00","542,765.00",3.23,,
,,2014 - 2015,"165,865.00","394,095.00",2.38,,
,,2015 - 2016,"183,146.00","487,352.00",2.66,,
,,2016 - 2017,"159,626.00","504,737.00",3.16,,
,,2017 - 2018,"167,795.00","629,399.00",3.75,,
,,2018 - 2019,"160,300.00","608,016.00",3.79,,
,,2019 - 2020,"157,415.00","482,160.00",3.06,,
,,2020 - 2021,"161,971.00","565,765.00",3.49,,
,,2021 - 2022,"165,334.00","581,645.00",3.52,,
,,2022 - 2023,"187,662.00","608,400.00",3.24,,
,11. Ballia,1997 - 1998,"130,162.00","323,175.00",2.48,,
,,1998 - 1999,"125,035.00","284,377.00",2.27,,
,,1999 - 2000,"129,707.00","345,034.00",2.66,,
,,2000 - 2001,"132,720.00","315,013.00",2.37,,
,,2001 - 2002,"133,685.00","321,525.00",2.41,,
,,2002 - 2003,"135,681.00","276,499.00",2.04,,
,,2003 - 2004,"136,832.00","321,216.00",2.35,,
,,2004 - 2005,"143,467.00","261,978.00",1.83,,
,,2005 - 2006,"144,385.00","304,352.00",2.11,,
,,2006 - 2007,"143,467.00","354,506.00",2.47,,
,,2007 - 2008,"136,262.00","354,217.00",2.6,,
,,2008 - 2009,"148,282.00","401,718.00",2.71,,
,,2009 - 2010,"140,294.00","355,916.00",2.54,,
,,2010 - 2011,"138,783.00","407,250.00",2.93,,
,,2011 - 2012,"139,319.00","452,261.00",3.25,,
,,2012 - 2013,"135,902.00","459,034.00",3.38,,
,,2013 - 2014,"137,861.00","395,888.00",2.87,,
,,2014 - 2015,"141,821.00","321,804.00",2.27,,
,,2015 - 2016,"139,202.00","376,862.00",2.71,,
,,2016 - 2017,"137,665.00","542,431.00",3.94,,
,,2017 - 2018,"136,892.00","495,067.00",3.62,,
,,2018 - 2019,"136,836.00","525,720.00",3.84,,
,,2019 - 2020,"137,020.00","522,432.00",3.81,,
,,2020 - 2021,"137,921.00","519,839.00",3.77,,
,,2021 - 2022,"142,473.00","537,408.00",3.77,,
,,2022 - 2023,"147,717.00","514,646.00",3.48,,
,12. Balrampur,1997 - 1998,"85,055.00","184,472.00",2.17,,
,,1998 - 1999,"100,432.00","187,755.00",1.87,,
,,1999 - 2000,"100,460.00","244,050.00",2.43,,
,,2000 - 2001,"98,504.00","208,509.00",2.12,,
,,2001 - 2002,"90,872.00","207,745.00",2.29,,
,,2002 - 2003,"84,992.00","169,665.00",2,,
,,2003 - 2004,"83,464.00","194,665.00",2.33,,
,,2004 - 2005,"82,189.00","181,587.00",2.21,,
,,2005 - 2006,"83,290.00","184,571.00",2.22,,
,,2006 - 2007,"81,219.00","197,845.00",2.44,,
,,2007 - 2008,"83,172.00","291,253.00",3.5,,
,,2008 - 2009,"87,915.00","245,283.00",2.79,,
,,2009 - 2010,"81,758.00","236,199.00",2.89,,
,,2010 - 2011,"82,877.00","235,286.00",2.84,,
,,2011 - 2012,"83,270.00","239,980.00",2.88,,
,,2012 - 2013,"87,826.00","238,448.00",2.72,,
,,2013 - 2014,"85,817.00","236,801.00",2.76,,
,,2014 - 2015,"90,246.00","189,697.00",2.1,,
,,2015 - 2016,"85,833.00","205,055.00",2.39,,
,,2016 - 2017,"87,648.00","251,287.00",2.87,,
,,2017 - 2018,"82,709.00","301,557.00",3.65,,
,,2018 - 2019,"85,602.00","299,949.00",3.5,,
,,2019 - 2020,"88,122.00","324,641.00",3.68,,
,,2020 - 2021,"87,202.00","296,748.00",3.4,,
,,2021 - 2022,"89,161.00","294,677.00",3.3,,
,,2022 - 2023,"105,224.00","320,828.00",3.05,,
,13. Banda,1997 - 1998,"142,754.00","182,185.00",1.28,,
,,1998 - 1999,"146,137.00","232,006.00",1.59,,
,,1999 - 2000,"144,563.00","224,284.00",1.55,,
,,2000 - 2001,"132,364.00","182,959.00",1.38,,
,,2001 - 2002,"134,889.00","247,694.00",1.84,,
,,2002 - 2003,"137,314.00","203,978.00",1.49,,
,,2003 - 2004,"137,249.00","247,951.00",1.81,,
,,2004 - 2005,"135,698.00","210,958.00",1.55,,
,,2005 - 2006,"130,729.00","183,347.00",1.4,,
,,2006 - 2007,"127,107.00","186,396.00",1.47,,
,,2007 - 2008,"110,480.00","147,104.00",1.33,,
,,2008 - 2009,"143,002.00","258,771.00",1.81,,
,,2009 - 2010,"141,321.00","236,833.00",1.68,,
,,2010 - 2011,"145,680.00","264,359.00",1.81,,
,,2011 - 2012,"151,114.00","315,099.00",2.09,,
,,2012 - 2013,"153,753.00","343,012.00",2.23,,
,,2013 - 2014,"164,065.00","311,815.00",1.9,,
,,2014 - 2015,"151,692.00","137,988.00",0.91,,
,,2015 - 2016,"22,873.00","27,447.00",1.2,,
,,2016 - 2017,"197,157.00","462,309.00",2.34,,
,,2017 - 2018,"158,943.00","363,699.00",2.29,,
,,2018 - 2019,"159,768.00","489,299.00",3.06,,
,,2019 - 2020,"161,834.00","461,299.00",2.85,,
,,2020 - 2021,"161,837.00","454,302.00",2.81,,
,,2021 - 2022,"167,353.00","505,406.00",3.02,,
,,2022 - 2023,"193,742.00","635,086.00",3.28,,
,14. Barabanki,1997 - 1998,"127,222.00","295,110.00",2.32,,
,,1998 - 1999,"134,786.00","337,949.00",2.51,,
,,1999 - 2000,"136,351.00","364,669.00",2.67,,
,,2000 - 2001,"132,723.00","373,586.00",2.81,,
,,2001 - 2002,"132,494.00","389,155.00",2.94,,
,,2002 - 2003,"137,328.00","379,036.00",2.76,,
,,2003 - 2004,"160,752.00","486,977.00",3.03,,
,,2004 - 2005,"163,857.00","431,724.00",2.63,,
,,2005 - 2006,"162,040.00","470,888.00",2.91,,
,,2006 - 2007,"165,876.00","490,329.00",2.96,,
,,2007 - 2008,"165,848.00","482,120.00",2.91,,
,,2008 - 2009,"153,165.00","470,829.00",3.07,,
,,2009 - 2010,"159,451.00","490,950.00",3.08,,
,,2010 - 2011,"167,409.00","544,396.00",3.25,,
,,2011 - 2012,"161,038.00","565,243.00",3.51,,
,,2012 - 2013,"162,341.00","603,259.00",3.72,,
,,2013 - 2014,"166,533.00","590,693.00",3.55,,
,,2014 - 2015,"165,449.00","392,114.00",2.37,,
,,2015 - 2016,"167,622.00","498,340.00",2.97,,
,,2016 - 2017,"166,970.00","606,936.00",3.64,,
,,2017 - 2018,"168,346.00","677,088.00",4.02,,
,,2018 - 2019,"162,367.00","641,351.00",3.95,,
,,2019 - 2020,"166,367.00","672,289.00",4.04,,
,,2020 - 2021,"166,827.00","722,528.00",4.33,,
,,2021 - 2022,"173,546.00","701,473.00",4.04,,
,,2022 - 2023,"165,972.00","629,698.00",3.79,,
,15. Bareilly,1997 - 1998,"182,990.00","450,186.00",2.46,,
,,1998 - 1999,"193,339.00","501,838.00",2.6,,
,,1999 - 2000,"187,383.00","520,856.00",2.78,,
,,2000 - 2001,"190,452.00","512,384.00",2.69,,
,,2001 - 2002,"183,317.00","499,169.00",2.72,,
,,2002 - 2003,"180,188.00","476,134.00",2.64,,
,,2003 - 2004,"200,112.00","552,847.00",2.76,,
,,2004 - 2005,"208,765.00","512,651.00",2.46,,
,,2005 - 2006,"178,723.00","453,063.00",2.54,,
,,2006 - 2007,"196,808.00","560,903.00",2.85,,
,,2007 - 2008,"194,880.00","550,146.00",2.82,,
,,2008 - 2009,"191,256.00","571,090.00",2.99,,
,,2009 - 2010,"217,227.00","607,149.00",2.79,,
,,2010 - 2011,"204,691.00","596,470.00",2.91,,
,,2011 - 2012,"199,705.00","649,640.00",3.25,,
,,2012 - 2013,"200,363.00","615,114.00",3.07,,
,,2013 - 2014,"200,048.00","630,351.00",3.15,,
,,2014 - 2015,"212,598.00","395,007.00",1.86,,
,,2015 - 2016,"209,611.00","614,160.00",2.93,,
,,2016 - 2017,"214,079.00","782,673.00",3.66,,
,,2017 - 2018,"195,118.00","716,278.00",3.67,,
,,2018 - 2019,"198,541.00","776,097.00",3.91,,
,,2019 - 2020,"199,331.00","629,487.00",3.16,,
,,2020 - 2021,"200,048.00","773,586.00",3.87,,
,,2021 - 2022,"208,130.00","812,956.00",3.91,,
,,2022 - 2023,"207,246.00","844,527.00",4.07,,
,16. Basti,1997 - 1998,"108,890.00","264,588.00",2.43,,
,,1998 - 1999,"111,471.00","251,920.00",2.26,,
,,1999 - 2000,"111,566.00","300,100.00",2.69,,
,,2000 - 2001,"111,726.00","283,619.00",2.54,,
,,2001 - 2002,"114,281.00","274,123.00",2.4,,
,,2002 - 2003,"113,884.00","236,249.00",2.07,,
,,2003 - 2004,"113,999.00","269,940.00",2.37,,
,,2004 - 2005,"113,947.00","267,202.00",2.34,,
,,2005 - 2006,"101,462.00","232,348.00",2.29,,
,,2006 - 2007,"114,347.00","270,888.00",2.37,,
,,2007 - 2008,"91,668.00","221,837.00",2.42,,
,,2008 - 2009,"112,152.00","311,446.00",2.78,,
,,2009 - 2010,"114,943.00","282,990.00",2.46,,
,,2010 - 2011,"115,598.00","319,744.00",2.77,,
,,2011 - 2012,"116,212.00","365,952.00",3.15,,
,,2012 - 2013,"119,061.00","346,825.00",2.91,,
,,2013 - 2014,"119,033.00","383,048.00",3.22,,
,,2014 - 2015,"119,630.00","253,855.00",2.12,,
,,2015 - 2016,"113,071.00","295,681.00",2.62,,
,,2016 - 2017,"119,425.00","379,652.00",3.18,,
,,2017 - 2018,"119,616.00","471,766.00",3.94,,
,,2018 - 2019,"119,476.00","449,349.00",3.76,,
,,2019 - 2020,"120,160.00","369,252.00",3.07,,
,,2020 - 2021,"119,730.00","425,880.00",3.56,,
,,2021 - 2022,"124,347.00","452,374.00",3.64,,
,,2022 - 2023,"141,055.00","482,549.00",3.42,,
,17. Bijnor,1997 - 1998,"114,073.00","310,899.00",2.73,,
,,1998 - 1999,"114,195.00","290,315.00",2.54,,
,,1999 - 2000,"113,036.00","324,302.00",2.87,,
,,2000 - 2001,"115,900.00","308,876.00",2.67,,
,,2001 - 2002,"108,590.00","320,197.00",2.95,,
,,2002 - 2003,"106,237.00","290,870.00",2.74,,
,,2003 - 2004,"114,543.00","316,007.00",2.76,,
,,2004 - 2005,"111,552.00","297,126.00",2.66,,
,,2005 - 2006,"105,186.00","287,999.00",2.74,,
,,2006 - 2007,"112,729.00","332,889.00",2.95,,
,,2007 - 2008,"108,774.00","318,164.00",2.93,,
,,2008 - 2009,"110,826.00","331,036.00",2.99,,
,,2009 - 2010,"106,194.00","303,821.00",2.86,,
,,2010 - 2011,"111,940.00","341,193.00",3.05,,
,,2011 - 2012,"109,325.00","350,059.00",3.2,,
,,2012 - 2013,"103,369.00","330,057.00",3.19,,
,,2013 - 2014,"147,955.00","488,843.00",3.3,,
,,2014 - 2015,"116,552.00","315,040.00",2.7,,
,,2015 - 2016,"99,699.00","309,067.00",3.1,,
,,2016 - 2017,"148,013.00","511,681.00",3.46,,
,,2017 - 2018,"157,273.00","569,328.00",3.62,,
,,2018 - 2019,"148,627.00","557,500.00",3.75,,
,,2019 - 2020,"145,884.00","510,448.00",3.5,,
,,2020 - 2021,"155,416.00","591,669.00",3.81,,
,,2021 - 2022,"160,351.00","601,797.00",3.75,,
,,2022 - 2023,"152,517.00","577,887.00",3.79,,
,18. Budaun,1997 - 1998,"268,465.00","721,587.00",2.69,,
,,1998 - 1999,"281,397.00","811,227.00",2.88,,
,,1999 - 2000,"283,537.00","830,389.00",2.93,,
,,2000 - 2001,"295,959.00","902,906.00",3.05,,
,,2001 - 2002,"291,734.00","873,953.00",3,,
,,2002 - 2003,"285,781.00","772,859.00",2.7,,
,,2003 - 2004,"300,151.00","882,748.00",2.94,,
,,2004 - 2005,"300,947.00","751,553.00",2.5,,
,,2005 - 2006,"288,649.00","784,259.00",2.72,,
,,2006 - 2007,"283,638.00","848,361.00",2.99,,
,,2007 - 2008,"293,775.00","837,259.00",2.85,,
,,2008 - 2009,"273,380.00","873,996.00",3.2,,
,,2009 - 2010,"311,520.00","1,080,351.00",3.47,,
,,2010 - 2011,"306,477.00","1,040,796.00",3.4,,
,,2011 - 2012,"293,435.00","1,017,926.00",3.47,,
,,2012 - 2013,"230,265.00","765,401.00",3.32,,
,,2013 - 2014,"245,390.00","894,447.00",3.65,,
,,2014 - 2015,"255,586.00","538,009.00",2.11,,
,,2015 - 2016,"251,324.00","711,498.00",2.83,,
,,2016 - 2017,"233,621.00","819,776.00",3.51,,
,,2017 - 2018,"222,879.00","822,869.00",3.69,,
,,2018 - 2019,"226,358.00","880,759.00",3.89,,
,,2019 - 2020,"250,941.00","1,023,839.00",4.08,,
,,2020 - 2021,"232,327.00","907,237.00",3.91,,
,,2021 - 2022,"241,713.00","939,297.00",3.89,,
,,2022 - 2023,"215,342.00","912,619.00",4.24,,
,19. Bulandshahr,1997 - 1998,"170,933.00","610,783.00",3.57,,
,,1998 - 1999,"171,976.00","625,440.00",3.64,,
,,1999 - 2000,"176,610.00","670,049.00",3.79,,
,,2000 - 2001,"181,942.00","688,890.00",3.79,,
,,2001 - 2002,"174,703.00","675,234.00",3.87,,
,,2002 - 2003,"180,736.00","714,495.00",3.95,,
,,2003 - 2004,"186,200.00","662,853.00",3.56,,
,,2004 - 2005,"190,278.00","655,038.00",3.44,,
,,2005 - 2006,"190,249.00","635,051.00",3.34,,
,,2006 - 2007,"178,444.00","672,912.00",3.77,,
,,2007 - 2008,"193,808.00","692,088.00",3.57,,
,,2008 - 2009,"196,585.00","777,887.00",3.96,,
,,2009 - 2010,"195,439.00","725,079.00",3.71,,
,,2010 - 2011,"192,422.00","759,490.00",3.95,,
,,2011 - 2012,"197,682.00","833,427.00",4.22,,
,,2012 - 2013,"193,944.00","781,594.00",4.03,,
,,2013 - 2014,"191,272.00","788,232.00",4.12,,
,,2014 - 2015,"195,559.00","534,072.00",2.73,,
,,2015 - 2016,"197,838.00","765,040.00",3.87,,
,,2016 - 2017,"195,357.00","834,370.00",4.27,,
,,2017 - 2018,"191,410.00","869,193.00",4.54,,
,,2018 - 2019,"201,066.00","910,427.00",4.53,,
,,2019 - 2020,"192,762.00","843,719.00",4.38,,
,,2020 - 2021,"194,116.00","854,887.00",4.4,,
,,2021 - 2022,"201,958.00","896,088.00",4.44,,
,,2022 - 2023,"195,453.00","837,712.00",4.29,,
,20. Chandauli,1997 - 1998,"88,884.00","173,762.00",1.95,,
,,1998 - 1999,"90,866.00","193,864.00",2.13,,
,,1999 - 2000,"89,290.00","197,005.00",2.21,,
,,2000 - 2001,"90,144.00","180,098.00",2,,
,,2001 - 2002,"85,526.00","171,414.00",2,,
,,2002 - 2003,"93,491.00","135,281.00",1.45,,
,,2003 - 2004,"94,005.00","190,076.00",2.02,,
,,2004 - 2005,"92,417.00","123,189.00",1.33,,
,,2005 - 2006,"94,309.00","163,179.00",1.73,,
,,2006 - 2007,"90,871.00","205,616.00",2.26,,
,,2007 - 2008,"93,371.00","210,889.00",2.26,,
,,2008 - 2009,"102,060.00","237,289.00",2.32,,
,,2009 - 2010,"97,225.00","201,256.00",2.07,,
,,2010 - 2011,"95,572.00","242,996.00",2.54,,
,,2011 - 2012,"92,874.00","236,179.00",2.54,,
,,2012 - 2013,"101,444.00","303,318.00",2.99,,
,,2013 - 2014,"102,339.00","268,640.00",2.63,,
,,2014 - 2015,"95,462.00","140,204.00",1.47,,
,,2015 - 2016,"97,645.00","187,312.00",1.92,,
,,2016 - 2017,"98,193.00","282,313.00",2.88,,
,,2017 - 2018,"111,873.00","376,676.00",3.37,,
,,2018 - 2019,"101,842.00","381,704.00",3.75,,
,,2019 - 2020,"100,039.00","340,833.00",3.41,,
,,2020 - 2021,"99,917.00","363,998.00",3.64,,
,,2021 - 2022,"105,445.00","371,483.00",3.52,,
,,2022 - 2023,"114,959.00","365,340.00",3.18,,
,21. Chitrakoot,1997 - 1998,"48,096.00","78,820.00",1.64,,
,,1998 - 1999,"50,445.00","95,489.00",1.89,,
,,1999 - 2000,"50,387.00","98,278.00",1.95,,
,,2000 - 2001,"51,700.00","80,421.00",1.56,,
,,2001 - 2002,"53,575.00","111,241.00",2.08,,
,,2002 - 2003,"56,890.00","125,996.00",2.21,,
,,2003 - 2004,"56,834.00","128,539.00",2.26,,
,,2004 - 2005,"52,365.00","86,467.00",1.65,,
,,2005 - 2006,"56,020.00","85,368.00",1.52,,
,,2006 - 2007,"52,023.00","65,182.00",1.25,,
,,2007 - 2008,"43,151.00","51,049.00",1.18,,
,,2008 - 2009,"49,309.00","84,567.00",1.72,,
,,2009 - 2010,"51,978.00","97,688.00",1.88,,
,,2010 - 2011,"48,407.00","86,336.00",1.78,,
,,2011 - 2012,"48,561.00","121,581.00",2.5,,
,,2012 - 2013,"54,253.00","130,500.00",2.41,,
,,2013 - 2014,"52,387.00","102,460.00",1.96,,
,,2014 - 2015,"54,500.00","60,877.00",1.12,,
,,2015 - 2016,"59,917.00","71,499.00",1.19,,
,,2016 - 2017,"49,779.00","154,137.00",3.1,,
,,2017 - 2018,"49,779.00","131,412.00",2.64,,
,,2018 - 2019,"49,808.00","135,073.00",2.71,,
,,2019 - 2020,"53,793.00","142,714.00",2.65,,
,,2020 - 2021,"49,779.00","164,687.00",3.31,,
,,2021 - 2022,"50,750.00","161,842.00",3.19,,
,,2022 - 2023,"79,992.00","251,175.00",3.14,,
,22. Deoria,1997 - 1998,"130,934.00","301,647.00",2.3,,
,,1998 - 1999,"137,653.00","326,272.00",2.37,,
,,1999 - 2000,"134,676.00","359,141.00",2.67,,
,,2000 - 2001,"139,398.00","387,008.00",2.78,,
,,2001 - 2002,"142,765.00","374,727.00",2.62,,
,,2002 - 2003,"141,432.00","307,774.00",2.18,,
,,2003 - 2004,"147,656.00","378,573.00",2.56,,
,,2004 - 2005,"147,932.00","350,355.00",2.37,,
,,2005 - 2006,"151,399.00","330,807.00",2.19,,
,,2006 - 2007,"126,116.00","316,501.00",2.51,,
,,2007 - 2008,"146,212.00","402,668.00",2.75,,
,,2008 - 2009,"152,129.00","413,334.00",2.72,,
,,2009 - 2010,"147,477.00","374,592.00",2.54,,
,,2010 - 2011,"148,681.00","440,839.00",2.96,,
,,2011 - 2012,"148,224.00","456,975.00",3.08,,
,,2012 - 2013,"155,756.00","483,934.00",3.11,,
,,2013 - 2014,"156,285.00","472,628.00",3.02,,
,,2014 - 2015,"155,105.00","291,133.00",1.88,,
,,2015 - 2016,"156,721.00","398,853.00",2.54,,
,,2016 - 2017,"152,148.00","508,783.00",3.34,,
,,2017 - 2018,"153,401.00","482,139.00",3.14,,
,,2018 - 2019,"152,006.00","505,572.00",3.33,,
,,2019 - 2020,"153,059.00","513,972.00",3.36,,
,,2020 - 2021,"153,125.00","533,028.00",3.48,,
,,2021 - 2022,"159,816.00","534,585.00",3.35,,
,,2022 - 2023,"172,605.00","636,049.00",3.68,,
,23. Etah,1997 - 1998,"194,802.00","574,644.00",2.95,,
,,1998 - 1999,"189,559.00","527,475.00",2.78,,
,,1999 - 2000,"200,249.00","597,906.00",2.99,,
,,2000 - 2001,"194,161.00","629,715.00",3.24,,
,,2001 - 2002,"217,924.00","645,729.00",2.96,,
,,2002 - 2003,"214,649.00","594,321.00",2.77,,
,,2003 - 2004,"217,830.00","676,277.00",3.1,,
,,2004 - 2005,"223,926.00","564,185.00",2.52,,
,,2005 - 2006,"206,806.00","571,819.00",2.77,,
,,2006 - 2007,"227,576.00","644,495.00",2.83,,
,,2007 - 2008,"222,498.00","625,664.00",2.81,,
,,2008 - 2009,"228,431.00","734,406.00",3.22,,
,,2009 - 2010,"135,064.00","410,189.00",3.04,,
,,2010 - 2011,"136,560.00","442,318.00",3.24,,
,,2011 - 2012,"135,549.00","475,641.00",3.51,,
,,2012 - 2013,"136,461.00","462,193.00",3.39,,
,,2013 - 2014,"134,108.00","484,935.00",3.62,,
,,2014 - 2015,"133,604.00","264,536.00",1.98,,
,,2015 - 2016,"134,326.00","389,680.00",2.9,,
,,2016 - 2017,"134,940.00","523,702.00",3.88,,
,,2017 - 2018,"135,296.00","528,872.00",3.91,,
,,2018 - 2019,"135,884.00","522,202.00",3.84,,
,,2019 - 2020,"136,510.00","566,653.00",4.15,,
,,2020 - 2021,"137,493.00","567,296.00",4.13,,
,,2021 - 2022,"140,723.00","547,412.00",3.89,,
,,2022 - 2023,"135,849.00","562,279.00",4.14,,
,24. Etawah,1997 - 1998,"81,044.00","193,022.00",2.38,,
,,1998 - 1999,"81,639.00","258,737.00",3.17,,
,,1999 - 2000,"84,513.00","261,279.00",3.09,,
,,2000 - 2001,"87,411.00","239,666.00",2.74,,
,,2001 - 2002,"87,152.00","259,933.00",2.98,,
,,2002 - 2003,"85,848.00","267,416.00",3.11,,
,,2003 - 2004,"88,351.00","275,992.00",3.12,,
,,2004 - 2005,"89,322.00","252,425.00",2.83,,
,,2005 - 2006,"88,995.00","271,969.00",3.06,,
,,2006 - 2007,"88,342.00","285,080.00",3.23,,
,,2007 - 2008,"91,660.00","254,906.00",2.78,,
,,2008 - 2009,"93,502.00","325,667.00",3.48,,
,,2009 - 2010,"93,568.00","272,624.00",2.91,,
,,2010 - 2011,"94,864.00","334,111.00",3.52,,
,,2011 - 2012,"94,353.00","363,087.00",3.85,,
,,2012 - 2013,"93,695.00","366,688.00",3.91,,
,,2013 - 2014,"96,592.00","360,658.00",3.73,,
,,2014 - 2015,"96,640.00","164,868.00",1.71,,
,,2015 - 2016,"97,645.00","324,767.00",3.33,,
,,2016 - 2017,"99,202.00","410,696.00",4.14,,
,,2017 - 2018,"96,033.00","360,508.00",3.75,,
,,2018 - 2019,"96,027.00","419,734.00",4.37,,
,,2019 - 2020,"95,396.00","392,364.00",4.11,,
,,2020 - 2021,"95,976.00","395,887.00",4.12,,
,,2021 - 2022,"104,603.00","400,943.00",3.83,,
,,2022 - 2023,"100,105.00","405,625.00",4.05,,
,25. Faizabad,1997 - 1998,"99,193.00","237,786.00",2.4,,
,,1998 - 1999,"98,090.00","218,734.00",2.23,,
,,1999 - 2000,"95,938.00","251,946.00",2.63,,
,,2000 - 2001,"97,812.00","230,591.00",2.36,,
,,2001 - 2002,"98,729.00","236,163.00",2.39,,
,,2002 - 2003,"97,663.00","212,781.00",2.18,,
,,2003 - 2004,"79,203.00","208,895.00",2.64,,
,,2004 - 2005,"79,102.00","188,020.00",2.38,,
,,2005 - 2006,"76,155.00","198,841.00",2.61,,
,,2006 - 2007,"78,887.00","211,812.00",2.69,,
,,2007 - 2008,"79,242.00","218,549.00",2.76,,
,,2008 - 2009,"103,796.00","292,601.00",2.82,,
,,2009 - 2010,"108,013.00","282,454.00",2.62,,
,,2010 - 2011,"108,951.00","307,133.00",2.82,,
,,2011 - 2012,"109,023.00","322,926.00",2.96,,
,,2012 - 2013,"108,071.00","319,782.00",2.96,,
,,2013 - 2014,"109,098.00","269,145.00",2.47,,
,,2014 - 2015,"110,261.00","227,138.00",2.06,,
,,2015 - 2016,"109,189.00","299,178.00",2.74,,
,,2016 - 2017,"110,742.00","364,230.00",3.29,,
,,2017 - 2018,"109,263.00","412,905.00",3.78,,
,,2018 - 2019,"106,251.00","413,104.00",3.89,,
,,2019 - 2020,"110,184.00","409,113.00",3.71,,
,,2020 - 2021,"112,366.00","396,436.00",3.53,,
,,2021 - 2022,"115,607.00","392,601.00",3.4,,
,,2022 - 2023,"107,032.00","339,077.00",3.17,,
,26. Farrukhabad,1997 - 1998,"94,534.00","292,795.00",3.1,,
,,1998 - 1999,"77,647.00","236,235.00",3.04,,
,,1999 - 2000,"74,750.00","252,911.00",3.38,,
,,2000 - 2001,"75,611.00","252,984.00",3.35,,
,,2001 - 2002,"77,062.00","258,113.00",3.35,,
,,2002 - 2003,"72,818.00","231,451.00",3.18,,
,,2003 - 2004,"72,123.00","238,044.00",3.3,,
,,2004 - 2005,"73,316.00","214,029.00",2.92,,
,,2005 - 2006,"73,872.00","230,729.00",3.12,,
,,2006 - 2007,"70,779.00","230,669.00",3.26,,
,,2007 - 2008,"70,024.00","221,827.00",3.17,,
,,2008 - 2009,"71,375.00","245,276.00",3.44,,
,,2009 - 2010,"72,185.00","249,945.00",3.46,,
,,2010 - 2011,"73,371.00","263,012.00",3.58,,
,,2011 - 2012,"74,481.00","282,655.00",3.79,,
,,2012 - 2013,"75,378.00","272,429.00",3.61,,
,,2013 - 2014,"75,776.00","263,950.00",3.48,,
,,2014 - 2015,"77,049.00","180,327.00",2.34,,
,,2015 - 2016,"72,690.00","230,500.00",3.17,,
,,2016 - 2017,"76,769.00","301,011.00",3.92,,
,,2017 - 2018,"75,117.00","337,876.00",4.5,,
,,2018 - 2019,"75,581.00","323,638.00",4.28,,
,,2019 - 2020,"76,309.00","320,956.00",4.21,,
,,2020 - 2021,"76,415.00","311,773.00",4.08,,
,,2021 - 2022,"78,229.00","303,294.00",3.88,,
,,2022 - 2023,"75,116.00","311,055.00",4.14,,
,27. Fatehpur,1997 - 1998,"140,168.00","333,772.00",2.38,,
,,1998 - 1999,"144,452.00","338,608.00",2.34,,
,,1999 - 2000,"145,628.00","371,498.00",2.55,,
,,2000 - 2001,"147,261.00","341,041.00",2.32,,
,,2001 - 2002,"150,750.00","379,008.00",2.51,,
,,2002 - 2003,"148,593.00","364,425.00",2.45,,
,,2003 - 2004,"151,769.00","398,603.00",2.63,,
,,2004 - 2005,"151,430.00","362,240.00",2.39,,
,,2005 - 2006,"150,047.00","323,915.00",2.16,,
,,2006 - 2007,"147,236.00","363,910.00",2.47,,
,,2007 - 2008,"151,705.00","390,680.00",2.58,,
,,2008 - 2009,"156,740.00","454,552.00",2.9,,
,,2009 - 2010,"161,632.00","442,702.00",2.74,,
,,2010 - 2011,"163,606.00","535,491.00",3.27,,
,,2011 - 2012,"169,259.00","554,352.00",3.28,,
,,2012 - 2013,"170,681.00","560,591.00",3.28,,
,,2013 - 2014,"174,453.00","595,895.00",3.42,,
,,2014 - 2015,"174,246.00","341,436.00",1.96,,
,,2015 - 2016,"185,392.00","460,640.00",2.48,,
,,2016 - 2017,"175,797.00","614,404.00",3.49,,
,,2017 - 2018,"170,171.00","591,435.00",3.48,,
,,2018 - 2019,"172,432.00","687,681.00",3.99,,
,,2019 - 2020,"179,472.00","710,602.00",3.96,,
,,2020 - 2021,"173,279.00","657,710.00",3.8,,
,,2021 - 2022,"179,293.00","656,212.00",3.66,,
,,2022 - 2023,"171,841.00","645,950.00",3.76,,
,28. Firozabad,1997 - 1998,"91,897.00","245,553.00",2.67,,
,,1998 - 1999,"97,789.00","281,877.00",2.88,,
,,1999 - 2000,"100,733.00","320,940.00",3.19,,
,,2000 - 2001,"109,295.00","305,190.00",2.79,,
,,2001 - 2002,"110,573.00","322,196.00",2.91,,
,,2002 - 2003,"105,238.00","299,221.00",2.84,,
,,2003 - 2004,"104,505.00","330,205.00",3.16,,
,,2004 - 2005,"102,786.00","288,431.00",2.81,,
,,2005 - 2006,"99,965.00","310,091.00",3.1,,
,,2006 - 2007,"105,443.00","309,475.00",2.93,,
,,2007 - 2008,"95,100.00","312,308.00",3.28,,
,,2008 - 2009,"88,042.00","304,153.00",3.45,,
,,2009 - 2010,"105,758.00","355,770.00",3.36,,
,,2010 - 2011,"101,839.00","371,203.00",3.64,,
,,2011 - 2012,"104,278.00","376,548.00",3.61,,
,,2012 - 2013,"99,498.00","368,839.00",3.71,,
,,2013 - 2014,"96,543.00","348,520.00",3.61,,
,,2014 - 2015,"97,764.00","188,098.00",1.92,,
,,2015 - 2016,"98,225.00","322,866.00",3.29,,
,,2016 - 2017,"101,518.00","385,261.00",3.8,,
,,2017 - 2018,"95,997.00","325,910.00",3.4,,
,,2018 - 2019,"92,948.00","350,228.00",3.77,,
,,2019 - 2020,"101,892.00","412,663.00",4.05,,
,,2020 - 2021,"100,567.00","416,146.00",4.14,,
,,2021 - 2022,"104,209.00","368,275.00",3.53,,
,,2022 - 2023,"100,972.00","427,515.00",4.23,,
,29. Gautam buddha nagar,1997 - 1998,"69,804.00","238,346.00",3.41,,
,,1998 - 1999,"69,684.00","210,070.00",3.01,,
,,1999 - 2000,"74,396.00","243,924.00",3.28,,
,,2000 - 2001,"77,919.00","265,801.00",3.41,,
,,2001 - 2002,"71,796.00","268,049.00",3.73,,
,,2002 - 2003,"70,172.00","234,401.00",3.34,,
,,2003 - 2004,"64,627.00","206,086.00",3.19,,
,,2004 - 2005,"63,852.00","203,720.00",3.19,,
,,2005 - 2006,"66,416.00","196,193.00",2.95,,
,,2006 - 2007,"62,746.00","180,646.00",2.88,,
,,2007 - 2008,"64,236.00","203,628.00",3.17,,
,,2008 - 2009,"55,965.00","194,590.00",3.48,,
,,2009 - 2010,"51,450.00","184,140.00",3.58,,
,,2010 - 2011,"56,346.00","210,227.00",3.73,,
,,2011 - 2012,"54,549.00","204,668.00",3.75,,
,,2012 - 2013,"45,934.00","178,591.00",3.89,,
,,2013 - 2014,"46,130.00","192,731.00",4.18,,
,,2014 - 2015,"40,032.00","85,909.00",2.15,,
,,2015 - 2016,"44,330.00","151,742.00",3.42,,
,,2016 - 2017,"44,069.00","179,846.00",4.08,,
,,2017 - 2018,"41,229.00","160,876.00",3.9,,
,,2018 - 2019,"44,864.00","185,647.00",4.14,,
,,2019 - 2020,"44,802.00","189,199.00",4.22,,
,,2020 - 2021,"44,305.00","177,973.00",4.02,,
,,2021 - 2022,"45,969.00","176,935.00",3.85,,
,,2022 - 2023,"44,552.00","180,792.00",4.06,,
,30. Ghaziabad,1997 - 1998,"70,500.00","240,759.00",3.42,,
,,1998 - 1999,"71,003.00","234,413.00",3.3,,
,,1999 - 2000,"70,148.00","260,168.00",3.71,,
,,2000 - 2001,"71,538.00","246,947.00",3.45,,
,,2001 - 2002,"71,185.00","248,855.00",3.5,,
,,2002 - 2003,"70,297.00","255,201.00",3.63,,
,,2003 - 2004,"95,923.00","339,200.00",3.54,,
,,2004 - 2005,"72,749.00","249,626.00",3.43,,
,,2005 - 2006,"90,516.00","318,888.00",3.52,,
,,2006 - 2007,"71,835.00","288,346.00",4.01,,
,,2007 - 2008,"71,031.00","255,072.00",3.59,,
,,2008 - 2009,"75,503.00","303,975.00",4.03,,
,,2009 - 2010,"76,071.00","267,846.00",3.52,,
,,2010 - 2011,"76,344.00","317,667.00",4.16,,
,,2011 - 2012,"75,491.00","329,594.00",4.37,,
,,2012 - 2013,"28,227.00","123,550.00",4.38,,
,,2013 - 2014,"28,164.00","115,726.00",4.11,,
,,2014 - 2015,"26,619.00","86,645.00",3.26,,
,,2015 - 2016,"27,082.00","97,766.00",3.61,,
,,2016 - 2017,"28,064.00","116,858.00",4.16,,
,,2017 - 2018,"27,714.00","111,743.00",4.03,,
,,2018 - 2019,"28,690.00","122,019.00",4.25,,
,,2019 - 2020,"29,429.00","120,894.00",4.11,,
,,2020 - 2021,"28,112.00","119,926.00",4.27,,
,,2021 - 2022,"29,658.00","124,534.00",4.2,,
,,2022 - 2023,"28,373.00","112,783.00",3.98,,
,31. Ghazipur,1997 - 1998,"152,800.00","331,580.00",2.17,,
,,1998 - 1999,"156,085.00","321,252.00",2.06,,
,,1999 - 2000,"158,525.00","359,991.00",2.27,,
,,2000 - 2001,"159,280.00","370,621.00",2.33,,
,,2001 - 2002,"160,607.00","362,010.00",2.25,,
,,2002 - 2003,"164,069.00","297,781.00",1.81,,
,,2003 - 2004,"166,184.00","376,858.00",2.27,,
,,2004 - 2005,"166,153.00","301,366.00",1.81,,
,,2005 - 2006,"166,891.00","366,826.00",2.2,,
,,2006 - 2007,"166,359.00","403,735.00",2.43,,
,,2007 - 2008,"167,715.00","405,963.00",2.42,,
,,2008 - 2009,"173,793.00","462,247.00",2.66,,
,,2009 - 2010,"169,681.00","394,808.00",2.33,,
,,2010 - 2011,"171,211.00","462,161.00",2.7,,
,,2011 - 2012,"173,018.00","486,392.00",2.81,,
,,2012 - 2013,"174,612.00","501,740.00",2.87,,
,,2013 - 2014,"174,040.00","456,998.00",2.63,,
,,2014 - 2015,"175,209.00","309,379.00",1.77,,
,,2015 - 2016,"193,108.00","460,775.00",2.39,,
,,2016 - 2017,"180,106.00","577,943.00",3.21,,
,,2017 - 2018,"166,213.00","494,151.00",2.97,,
,,2018 - 2019,"170,198.00","560,973.00",3.3,,
,,2019 - 2020,"184,666.00","636,359.00",3.45,,
,,2020 - 2021,"183,259.00","638,291.00",3.48,,
,,2021 - 2022,"180,612.00","701,136.00",3.88,,
,,2022 - 2023,"187,825.00","675,607.00",3.6,,
,32. Gonda,1997 - 1998,"152,619.00","369,830.00",2.42,,
,,1998 - 1999,"158,559.00","408,602.00",2.58,,
,,1999 - 2000,"154,907.00","395,077.00",2.55,,
,,2000 - 2001,"157,737.00","410,313.00",2.6,,
,,2001 - 2002,"159,960.00","431,366.00",2.7,,
,,2002 - 2003,"162,217.00","403,997.00",2.49,,
,,2003 - 2004,"159,146.00","433,629.00",2.72,,
,,2004 - 2005,"159,340.00","376,571.00",2.36,,
,,2005 - 2006,"163,109.00","406,305.00",2.49,,
,,2006 - 2007,"156,719.00","428,758.00",2.74,,
,,2007 - 2008,"149,982.00","416,642.00",2.78,,
,,2008 - 2009,"147,363.00","429,268.00",2.91,,
,,2009 - 2010,"159,290.00","433,269.00",2.72,,
,,2010 - 2011,"160,011.00","468,992.00",2.93,,
,,2011 - 2012,"160,915.00","483,550.00",3.01,,
,,2012 - 2013,"155,802.00","454,007.00",2.91,,
,,2013 - 2014,"153,277.00","456,919.00",2.98,,
,,2014 - 2015,"154,990.00","401,889.00",2.59,,
,,2015 - 2016,"157,831.00","436,561.00",2.77,,
,,2016 - 2017,"155,876.00","482,592.00",3.1,,
,,2017 - 2018,"154,304.00","463,529.00",3,,
,,2018 - 2019,"146,855.00","462,593.00",3.15,,
,,2019 - 2020,"155,438.00","510,148.00",3.28,,
,,2020 - 2021,"154,832.00","519,461.00",3.35,,
,,2021 - 2022,"160,294.00","524,963.00",3.28,,
,,2022 - 2023,"153,425.00","489,119.00",3.19,,
,33. Gorakhpur,1997 - 1998,"172,165.00","386,693.00",2.25,,
,,1998 - 1999,"180,742.00","417,867.00",2.31,,
,,1999 - 2000,"178,806.00","434,243.00",2.43,,
,,2000 - 2001,"180,722.00","431,174.00",2.39,,
,,2001 - 2002,"187,175.00","494,151.00",2.64,,
,,2002 - 2003,"185,344.00","389,444.00",2.1,,
,,2003 - 2004,"188,283.00","445,288.00",2.36,,
,,2004 - 2005,"184,279.00","441,701.00",2.4,,
,,2005 - 2006,"187,412.00","410,807.00",2.19,,
,,2006 - 2007,"184,304.00","465,368.00",2.53,,
,,2007 - 2008,"186,639.00","512,996.00",2.75,,
,,2008 - 2009,"188,362.00","512,497.00",2.72,,
,,2009 - 2010,"189,211.00","501,319.00",2.65,,
,,2010 - 2011,"190,446.00","557,387.00",2.93,,
,,2011 - 2012,"188,998.00","578,523.00",3.06,,
,,2012 - 2013,"190,259.00","592,467.00",3.11,,
,,2013 - 2014,"190,537.00","618,676.00",3.25,,
,,2014 - 2015,"190,247.00","331,410.00",1.74,,
,,2015 - 2016,"190,692.00","424,862.00",2.23,,
,,2016 - 2017,"191,384.00","697,598.00",3.65,,
,,2017 - 2018,"192,243.00","814,341.00",4.24,,
,,2018 - 2019,"181,728.00","730,099.00",4.02,,
,,2019 - 2020,"190,449.00","703,896.00",3.7,,
,,2020 - 2021,"190,783.00","714,103.00",3.74,,
,,2021 - 2022,"202,056.00","733,463.00",3.63,,
,,2022 - 2023,"196,530.00","741,901.00",3.78,,
,34. Hamirpur,1997 - 1998,"90,998.00","165,253.00",1.82,,
,,1998 - 1999,"86,392.00","184,098.00",2.13,,
,,1999 - 2000,"91,166.00","217,795.00",2.39,,
,,2000 - 2001,"83,658.00","167,500.00",2,,
,,2001 - 2002,"83,234.00","183,181.00",2.2,,
,,2002 - 2003,"79,609.00","171,062.00",2.15,,
,,2003 - 2004,"82,199.00","190,150.00",2.31,,
,,2004 - 2005,"74,974.00","130,023.00",1.73,,
,,2005 - 2006,"74,916.00","174,709.00",2.33,,
,,2006 - 2007,"82,453.00","168,500.00",2.04,,
,,2007 - 2008,"63,790.00","118,391.00",1.86,,
,,2008 - 2009,"98,732.00","244,034.00",2.47,,
,,2009 - 2010,"89,212.00","225,092.00",2.52,,
,,2010 - 2011,"95,371.00","254,843.00",2.67,,
,,2011 - 2012,"91,427.00","265,718.00",2.91,,
,,2012 - 2013,"113,299.00","322,731.00",2.85,,
,,2013 - 2014,"111,347.00","298,733.00",2.68,,
,,2014 - 2015,"113,329.00","171,992.00",1.52,,
,,2015 - 2016,"97,490.00","170,850.00",1.75,,
,,2016 - 2017,"135,069.00","410,133.00",3.04,,
,,2017 - 2018,"113,112.00","354,013.00",3.13,,
,,2018 - 2019,"113,456.00","364,235.00",3.21,,
,,2019 - 2020,"111,468.00","364,655.00",3.27,,
,,2020 - 2021,"110,320.00","354,265.00",3.21,,
,,2021 - 2022,"117,657.00","378,150.00",3.21,,
,,2022 - 2023,"143,552.00","461,807.00",3.22,,
,35. Hapur,2012 - 2013,"43,672.00","207,835.00",4.76,,
,,2013 - 2014,"42,412.00","197,216.00",4.65,,
,,2014 - 2015,"44,552.00","136,507.00",3.06,,
,,2015 - 2016,"41,873.00","160,792.00",3.84,,
,,2016 - 2017,"42,279.00","187,000.00",4.42,,
,,2017 - 2018,"42,670.00","177,251.00",4.15,,
,,2018 - 2019,"42,174.00","177,848.00",4.22,,
,,2019 - 2020,"42,066.00","188,624.00",4.48,,
,,2020 - 2021,"43,488.00","181,823.00",4.18,,
,,2021 - 2022,"45,245.00","197,947.00",4.38,,
,,2022 - 2023,"40,962.00","173,761.00",4.24,,
,36. Hardoi,1997 - 1998,"268,143.00","661,994.00",2.47,,
,,1998 - 1999,"269,042.00","680,818.00",2.53,,
,,1999 - 2000,"280,467.00","781,594.00",2.79,,
,,2000 - 2001,"294,156.00","798,160.00",2.71,,
,,2001 - 2002,"305,726.00","795,789.00",2.6,,
,,2002 - 2003,"303,374.00","868,139.00",2.86,,
,,2003 - 2004,"306,396.00","866,936.00",2.83,,
,,2004 - 2005,"312,973.00","821,886.00",2.63,,
,,2005 - 2006,"300,504.00","800,543.00",2.66,,
,,2006 - 2007,"307,716.00","923,145.00",3,,
,,2007 - 2008,"309,644.00","924,287.00",2.98,,
,,2008 - 2009,"325,908.00","1,009,330.00",3.1,,
,,2009 - 2010,"330,637.00","1,020,013.00",3.08,,
,,2010 - 2011,"341,765.00","1,139,960.00",3.34,,
,,2011 - 2012,"327,969.00","1,176,241.00",3.59,,
,,2012 - 2013,"327,776.00","1,041,832.00",3.18,,
,,2013 - 2014,"318,253.00","1,130,771.00",3.55,,
,,2014 - 2015,"326,194.00","719,258.00",2.21,,
,,2015 - 2016,"326,565.00","980,017.00",3,,
,,2016 - 2017,"314,474.00","1,143,427.00",3.64,,
,,2017 - 2018,"314,432.00","1,155,223.00",3.67,,
,,2018 - 2019,"311,849.00","1,159,455.00",3.72,,
,,2019 - 2020,"315,210.00","1,125,615.00",3.57,,
,,2020 - 2021,"320,441.00","1,200,052.00",3.75,,
,,2021 - 2022,"329,234.00","1,248,455.00",3.79,,
,,2022 - 2023,"305,898.00","1,196,979.00",3.91,,
,37. Hathras,1997 - 1998,"83,956.00","282,738.00",3.37,,
,,1998 - 1999,"82,530.00","279,550.00",3.39,,
,,1999 - 2000,"84,433.00","303,250.00",3.59,,
,,2000 - 2001,"99,205.00","342,160.00",3.45,,
,,2001 - 2002,"96,473.00","296,188.00",3.07,,
,,2002 - 2003,"93,992.00","313,339.00",3.33,,
,,2003 - 2004,"92,938.00","297,247.00",3.2,,
,,2004 - 2005,"92,265.00","280,353.00",3.04,,
,,2005 - 2006,"81,572.00","255,076.00",3.13,,
,,2006 - 2007,"85,405.00","238,280.00",2.79,,
,,2007 - 2008,"82,596.00","253,983.00",3.08,,
,,2008 - 2009,"77,916.00","226,813.00",2.91,,
,,2009 - 2010,"85,579.00","237,824.00",2.78,,
,,2010 - 2011,"80,230.00","243,177.00",3.03,,
,,2011 - 2012,"86,515.00","290,777.00",3.36,,
,,2012 - 2013,"76,850.00","275,584.00",3.59,,
,,2013 - 2014,"79,227.00","308,906.00",3.9,,
,,2014 - 2015,"82,134.00","191,947.00",2.34,,
,,2015 - 2016,"75,908.00","265,298.00",3.49,,
,,2016 - 2017,"78,656.00","319,815.00",4.07,,
,,2017 - 2018,"82,643.00","312,225.00",3.78,,
,,2018 - 2019,"81,137.00","336,232.00",4.14,,
,,2019 - 2020,"82,795.00","330,683.00",3.99,,
,,2020 - 2021,"82,467.00","337,785.00",4.1,,
,,2021 - 2022,"85,798.00","340,446.00",3.97,,
,,2022 - 2023,"78,596.00","316,585.00",4.03,,
,38. Jalaun,1997 - 1998,"107,680.00","246,624.00",2.29,,
,,1998 - 1999,"102,623.00","292,601.00",2.85,,
,,1999 - 2000,"115,812.00","377,398.00",3.26,,
,,2000 - 2001,"117,674.00","339,140.00",2.88,,
,,2001 - 2002,"125,152.00","412,320.00",3.29,,
,,2002 - 2003,"127,202.00","388,518.00",3.05,,
,,2003 - 2004,"130,683.00","389,793.00",2.98,,
,,2004 - 2005,"116,483.00","370,251.00",3.18,,
,,2005 - 2006,"121,025.00","372,083.00",3.07,,
,,2006 - 2007,"116,484.00","328,038.00",2.82,,
,,2007 - 2008,"103,722.00","174,829.00",1.69,,
,,2008 - 2009,"157,937.00","498,571.00",3.16,,
,,2009 - 2010,"143,554.00","401,291.00",2.8,,
,,2010 - 2011,"135,223.00","432,152.00",3.2,,
,,2011 - 2012,"142,049.00","477,297.00",3.36,,
,,2012 - 2013,"145,440.00","467,112.00",3.21,,
,,2013 - 2014,"149,458.00","445,320.00",2.98,,
,,2014 - 2015,"155,125.00","206,239.00",1.33,,
,,2015 - 2016,"158,550.00","298,118.00",1.88,,
,,2016 - 2017,"147,427.00","547,846.00",3.72,,
,,2017 - 2018,"160,362.00","581,167.00",3.62,,
,,2018 - 2019,"143,818.00","534,094.00",3.71,,
,,2019 - 2020,"149,023.00","556,303.00",3.73,,
,,2020 - 2021,"144,371.00","532,022.00",3.69,,
,,2021 - 2022,"135,801.00","465,118.00",3.42,,
,,2022 - 2023,"163,199.00","583,926.00",3.58,,
,39. Jaunpur,1997 - 1998,"183,914.00","432,462.00",2.35,,
,,1998 - 1999,"187,329.00","425,697.00",2.27,,
,,1999 - 2000,"188,020.00","442,667.00",2.35,,
,,2000 - 2001,"185,685.00","478,279.00",2.58,,
,,2001 - 2002,"187,032.00","452,739.00",2.42,,
,,2002 - 2003,"188,178.00","436,832.00",2.32,,
,,2003 - 2004,"196,337.00","463,089.00",2.36,,
,,2004 - 2005,"193,364.00","404,269.00",2.09,,
,,2005 - 2006,"174,791.00","416,702.00",2.38,,
,,2006 - 2007,"193,364.00","518,796.00",2.68,,
,,2007 - 2008,"196,970.00","521,380.00",2.65,,
,,2008 - 2009,"188,256.00","538,224.00",2.86,,
,,2009 - 2010,"201,324.00","547,803.00",2.72,,
,,2010 - 2011,"208,204.00","594,006.00",2.85,,
,,2011 - 2012,"205,686.00","654,758.00",3.18,,
,,2012 - 2013,"210,453.00","655,140.00",3.11,,
,,2013 - 2014,"210,671.00","602,940.00",2.86,,
,,2014 - 2015,"209,445.00","405,486.00",1.94,,
,,2015 - 2016,"219,050.00","582,892.00",2.66,,
,,2016 - 2017,"206,881.00","668,226.00",3.23,,
,,2017 - 2018,"207,669.00","735,148.00",3.54,,
,,2018 - 2019,"211,334.00","784,260.00",3.71,,
,,2019 - 2020,"210,908.00","758,214.00",3.59,,
,,2020 - 2021,"209,293.00","773,966.00",3.7,,
,,2021 - 2022,"218,144.00","872,794.00",4,,
,,2022 - 2023,"215,069.00","857,265.00",3.99,,
,40. Jhansi,1997 - 1998,"126,332.00","283,802.00",2.25,,
,,1998 - 1999,"118,757.00","260,926.00",2.2,,
,,1999 - 2000,"129,179.00","338,754.00",2.62,,
,,2000 - 2001,"128,977.00","298,897.00",2.32,,
,,2001 - 2002,"130,628.00","363,138.00",2.78,,
,,2002 - 2003,"119,796.00","306,875.00",2.56,,
,,2003 - 2004,"125,419.00","329,689.00",2.63,,
,,2004 - 2005,"105,343.00","240,036.00",2.28,,
,,2005 - 2006,"126,839.00","263,023.00",2.07,,
,,2006 - 2007,"112,811.00","234,758.00",2.08,,
,,2007 - 2008,"101,013.00","191,527.00",1.9,,
,,2008 - 2009,"116,956.00","318,318.00",2.72,,
,,2009 - 2010,"128,909.00","319,425.00",2.48,,
,,2010 - 2011,"142,456.00","384,439.00",2.7,,
,,2011 - 2012,"178,532.00","558,556.00",3.13,,
,,2012 - 2013,"156,091.00","434,532.00",2.78,,
,,2013 - 2014,"153,384.00","235,384.00",1.53,,
,,2014 - 2015,"155,061.00","183,641.00",1.18,,
,,2015 - 2016,"159,541.00","337,585.00",2.12,,
,,2016 - 2017,"167,702.00","514,967.00",3.07,,
,,2017 - 2018,"149,640.00","394,006.00",2.63,,
,,2018 - 2019,"182,907.00","595,918.00",3.26,,
,,2019 - 2020,"148,822.00","508,550.00",3.42,,
,,2020 - 2021,"153,236.00","463,806.00",3.03,,
,,2021 - 2022,"132,473.00","448,421.00",3.38,,
,,2022 - 2023,"139,381.00","478,634.00",3.43,,
,41. Kannauj,1997 - 1998,"74,492.00","228,029.00",3.06,,
,,1998 - 1999,"74,968.00","259,444.00",3.46,,
,,1999 - 2000,"76,983.00","262,872.00",3.41,,
,,2000 - 2001,"78,524.00","279,793.00",3.56,,
,,2001 - 2002,"76,950.00","235,689.00",3.06,,
,,2002 - 2003,"73,959.00","206,337.00",2.79,,
,,2003 - 2004,"75,218.00","245,740.00",3.27,,
,,2004 - 2005,"72,942.00","227,285.00",3.12,,
,,2005 - 2006,"75,236.00","251,799.00",3.35,,
,,2006 - 2007,"74,147.00","258,686.00",3.49,,
,,2007 - 2008,"73,305.00","255,343.00",3.48,,
,,2008 - 2009,"75,066.00","268,557.00",3.58,,
,,2009 - 2010,"72,427.00","250,571.00",3.46,,
,,2010 - 2011,"73,545.00","262,612.00",3.57,,
,,2011 - 2012,"74,109.00","277,001.00",3.74,,
,,2012 - 2013,"70,105.00","268,920.00",3.84,,
,,2013 - 2014,"77,569.00","297,075.00",3.83,,
,,2014 - 2015,"76,686.00","108,049.00",1.41,,
,,2015 - 2016,"70,564.00","229,316.00",3.25,,
,,2016 - 2017,"80,792.00","332,771.00",4.12,,
,,2017 - 2018,"75,546.00","342,450.00",4.53,,
,,2018 - 2019,"78,024.00","358,888.00",4.6,,
,,2019 - 2020,"78,249.00","348,180.00",4.45,,
,,2020 - 2021,"76,169.00","315,245.00",4.14,,
,,2021 - 2022,"79,473.00","306,289.00",3.85,,
,,2022 - 2023,"65,342.00","260,584.00",3.99,,
,42. Kanpur dehat,1997 - 1998,"99,835.00","281,182.00",2.82,,
,,1998 - 1999,"100,380.00","325,983.00",3.25,,
,,2003 - 2004,"119,071.00","447,734.00",3.76,,
,,2004 - 2005,"116,802.00","377,903.00",3.24,,
,,2005 - 2006,"99,562.00","304,537.00",3.06,,
,,2006 - 2007,"112,329.00","386,438.00",3.44,,
,,2007 - 2008,"119,298.00","394,367.00",3.31,,
,,2008 - 2009,"118,454.00","437,945.00",3.7,,
,,2009 - 2010,"119,223.00","412,472.00",3.46,,
,,2010 - 2011,"111,495.00","435,774.00",3.91,,
,,2011 - 2012,"122,856.00","486,582.00",3.96,,
,,2012 - 2013,"120,580.00","435,969.00",3.62,,
,,2013 - 2014,"127,503.00","457,446.00",3.59,,
,,2014 - 2015,"122,103.00","203,542.00",1.67,,
,,2015 - 2016,"123,990.00","373,499.00",3.01,,
,,2016 - 2017,"121,200.00","556,044.00",4.59,,
,,2017 - 2018,"120,743.00","517,022.00",4.28,,
,,2018 - 2019,"120,774.00","535,103.00",4.43,,
,,2019 - 2020,"122,451.00","520,962.00",4.25,,
,,2020 - 2021,"122,414.00","498,444.00",4.07,,
,,2021 - 2022,"125,428.00","475,874.00",3.79,,
,,2022 - 2023,"124,650.00","503,835.00",4.04,,
,43. Kanpur nagar,1997 - 1998,"100,821.00","301,675.00",2.99,,
,,1998 - 1999,"102,090.00","317,626.00",3.11,,
,,1999 - 2000,"203,576.00","666,531.00",3.27,,
,,2000 - 2001,"209,038.00","647,014.00",3.1,,
,,2001 - 2002,"219,787.00","723,117.00",3.29,,
,,2002 - 2003,"217,858.00","642,237.00",2.95,,
,,2003 - 2004,"98,981.00","325,992.00",3.29,,
,,2004 - 2005,"103,011.00","265,513.00",2.58,,
,,2005 - 2006,"89,745.00","250,922.00",2.8,,
,,2006 - 2007,"89,726.00","270,138.00",3.01,,
,,2007 - 2008,"99,847.00","266,372.00",2.67,,
,,2008 - 2009,"101,671.00","298,443.00",2.94,,
,,2009 - 2010,"100,134.00","295,050.00",2.95,,
,,2010 - 2011,"101,518.00","353,250.00",3.48,,
,,2011 - 2012,"102,955.00","356,662.00",3.46,,
,,2012 - 2013,"106,886.00","380,275.00",3.56,,
,,2013 - 2014,"102,821.00","395,335.00",3.84,,
,,2014 - 2015,"102,753.00","155,171.00",1.51,,
,,2015 - 2016,"101,576.00","215,746.00",2.12,,
,,2016 - 2017,"104,388.00","424,316.00",4.06,,
,,2017 - 2018,"106,047.00","408,721.00",3.85,,
,,2018 - 2019,"103,752.00","432,278.00",4.17,,
,,2019 - 2020,"102,937.00","418,465.00",4.07,,
,,2020 - 2021,"103,150.00","407,211.00",3.95,,
,,2021 - 2022,"106,742.00","371,142.00",3.48,,
,,2022 - 2023,"103,833.00","407,129.00",3.92,,
,44. Kasganj,2009 - 2010,"94,515.00","278,914.00",2.95,,
,,2010 - 2011,"93,870.00","319,064.00",3.4,,
,,2011 - 2012,"95,125.00","345,875.00",3.64,,
,,2012 - 2013,"94,210.00","320,314.00",3.4,,
,,2013 - 2014,"97,331.00","342,897.00",3.52,,
,,2014 - 2015,"98,653.00","229,467.00",2.33,,
,,2015 - 2016,"96,881.00","298,781.00",3.08,,
,,2016 - 2017,"96,241.00","357,343.00",3.71,,
,,2017 - 2018,"94,430.00","375,265.00",3.97,,
,,2018 - 2019,"97,339.00","415,053.00",4.26,,
,,2019 - 2020,"95,297.00","373,945.00",3.92,,
,,2020 - 2021,"94,618.00","360,021.00",3.8,,
,,2021 - 2022,"96,900.00","379,170.00",3.91,,
,,2022 - 2023,"98,291.00","407,121.00",4.14,,
,45. Kaushambi,1997 - 1998,"64,286.00","136,926.00",2.13,,
,,1998 - 1999,"61,902.00","116,998.00",1.89,,
,,1999 - 2000,"60,369.00","151,060.00",2.5,,
,,2000 - 2001,"59,590.00","138,944.00",2.33,,
,,2001 - 2002,"65,813.00","153,750.00",2.34,,
,,2002 - 2003,"67,520.00","139,755.00",2.07,,
,,2003 - 2004,"68,407.00","165,024.00",2.41,,
,,2004 - 2005,"67,754.00","155,817.00",2.3,,
,,2005 - 2006,"65,938.00","137,415.00",2.08,,
,,2006 - 2007,"68,503.00","149,126.00",2.18,,
,,2007 - 2008,"63,597.00","132,208.00",2.08,,
,,2008 - 2009,"69,406.00","180,525.00",2.6,,
,,2009 - 2010,"70,698.00","168,299.00",2.38,,
,,2010 - 2011,"71,572.00","192,775.00",2.69,,
,,2011 - 2012,"72,593.00","209,721.00",2.89,,
,,2012 - 2013,"75,647.00","219,631.00",2.9,,
,,2013 - 2014,"66,491.00","161,600.00",2.43,,
,,2014 - 2015,"70,882.00","108,449.00",1.53,,
,,2015 - 2016,"74,280.00","161,633.00",2.18,,
,,2016 - 2017,"74,995.00","246,377.00",3.29,,
,,2017 - 2018,"72,909.00","231,194.00",3.17,,
,,2018 - 2019,"77,095.00","269,358.00",3.49,,
,,2019 - 2020,"73,961.00","230,766.00",3.12,,
,,2020 - 2021,"75,587.00","249,908.00",3.31,,
,,2021 - 2022,"77,760.00","261,274.00",3.36,,
,,2022 - 2023,"79,617.00","290,682.00",3.65,,
,46. Kheri,1997 - 1998,"192,629.00","437,513.00",2.27,,
,,1998 - 1999,"197,697.00","479,549.00",2.43,,
,,1999 - 2000,"199,737.00","554,059.00",2.77,,
,,2000 - 2001,"200,654.00","535,409.00",2.67,,
,,2001 - 2002,"197,365.00","589,646.00",2.99,,
,,2002 - 2003,"195,218.00","527,329.00",2.7,,
,,2003 - 2004,"203,270.00","580,397.00",2.86,,
,,2004 - 2005,"204,074.00","568,658.00",2.79,,
,,2005 - 2006,"201,483.00","556,093.00",2.76,,
,,2006 - 2007,"190,523.00","575,379.00",3.02,,
,,2007 - 2008,"200,467.00","639,089.00",3.19,,
,,2008 - 2009,"193,189.00","649,888.00",3.36,,
,,2009 - 2010,"202,431.00","600,613.00",2.97,,
,,2010 - 2011,"191,001.00","652,077.00",3.41,,
,,2011 - 2012,"197,303.00","671,817.00",3.41,,
,,2012 - 2013,"183,938.00","640,472.00",3.48,,
,,2013 - 2014,"195,575.00","705,439.00",3.61,,
,,2014 - 2015,"185,828.00","498,172.00",2.68,,
,,2015 - 2016,"176,599.00","599,200.00",3.39,,
,,2016 - 2017,"192,359.00","727,502.00",3.78,,
,,2017 - 2018,"188,602.00","775,531.00",4.11,,
,,2018 - 2019,"198,051.00","841,915.00",4.25,,
,,2019 - 2020,"195,264.00","826,357.00",4.23,,
,,2020 - 2021,"195,061.00","802,091.00",4.11,,
,,2021 - 2022,"202,178.00","827,717.00",4.09,,
,,2022 - 2023,"193,565.00","798,068.00",4.12,,
,47. Kushi nagar,1997 - 1998,"103,187.00","243,419.00",2.36,,
,,1998 - 1999,"106,768.00","247,802.00",2.32,,
,,1999 - 2000,"108,126.00","283,271.00",2.62,,
,,2000 - 2001,"110,993.00","329,185.00",2.97,,
,,2001 - 2002,"107,899.00","289,561.00",2.68,,
,,2002 - 2003,"108,098.00","243,781.00",2.26,,
,,2003 - 2004,"115,364.00","297,940.00",2.58,,
,,2004 - 2005,"117,782.00","312,133.00",2.65,,
,,2005 - 2006,"111,757.00","214,685.00",1.92,,
,,2006 - 2007,"117,988.00","329,658.00",2.79,,
,,2007 - 2008,"107,561.00","331,611.00",3.08,,
,,2008 - 2009,"115,299.00","330,447.00",2.87,,
,,2009 - 2010,"115,798.00","302,696.00",2.61,,
,,2010 - 2011,"119,090.00","345,837.00",2.9,,
,,2011 - 2012,"113,535.00","342,535.00",3.02,,
,,2012 - 2013,"113,917.00","330,929.00",2.91,,
,,2013 - 2014,"115,703.00","351,737.00",3.04,,
,,2014 - 2015,"116,559.00","193,954.00",1.66,,
,,2015 - 2016,"117,350.00","274,130.00",2.34,,
,,2016 - 2017,"117,710.00","351,011.00",2.98,,
,,2017 - 2018,"117,733.00","412,419.00",3.5,,
,,2018 - 2019,"120,236.00","383,914.00",3.19,,
,,2019 - 2020,"119,461.00","441,528.00",3.7,,
,,2020 - 2021,"118,046.00","441,846.00",3.74,,
,,2021 - 2022,"121,457.00","457,043.00",3.76,,
,,2022 - 2023,"121,800.00","450,295.00",3.7,,
,48. Lalitpur,1997 - 1998,"107,132.00","197,615.00",1.84,,
,,1998 - 1999,"95,284.00","181,784.00",1.91,,
,,1999 - 2000,"107,874.00","218,595.00",2.03,,
,,2000 - 2001,"94,797.00","152,435.00",1.61,,
,,2001 - 2002,"94,847.00","172,493.00",1.82,,
,,2002 - 2003,"76,896.00","126,477.00",1.64,,
,,2003 - 2004,"98,336.00","198,633.00",2.02,,
,,2004 - 2005,"95,863.00","191,074.00",1.99,,
,,2005 - 2006,"93,430.00","152,102.00",1.63,,
,,2006 - 2007,"96,659.00","180,269.00",1.86,,
,,2007 - 2008,"62,313.00","98,392.00",1.58,,
,,2008 - 2009,"110,610.00","231,297.00",2.09,,
,,2009 - 2010,"116,621.00","279,191.00",2.39,,
,,2010 - 2011,"125,595.00","295,996.00",2.36,,
,,2011 - 2012,"162,594.00","423,557.00",2.6,,
,,2012 - 2013,"163,229.00","437,611.00",2.68,,
,,2013 - 2014,"178,578.00","372,871.00",2.09,,
,,2014 - 2015,"173,401.00","367,957.00",2.12,,
,,2015 - 2016,"141,798.00","246,445.00",1.74,,
,,2016 - 2017,"171,453.00","525,509.00",3.07,,
,,2017 - 2018,"152,659.00","424,392.00",2.78,,
,,2018 - 2019,"188,237.00","642,076.00",3.41,,
,,2019 - 2020,"171,271.00","548,410.00",3.2,,
,,2020 - 2021,"171,453.00","535,282.00",3.12,,
,,2021 - 2022,"171,462.00","620,521.00",3.62,,
,,2022 - 2023,"170,854.00","623,617.00",3.65,,
,49. Lucknow,1997 - 1998,"81,707.00","180,057.00",2.2,,
,,1998 - 1999,"81,146.00","159,930.00",1.97,,
,,1999 - 2000,"80,848.00","204,973.00",2.54,,
,,2000 - 2001,"95,132.00","247,809.00",2.6,,
,,2001 - 2002,"85,715.00","213,302.00",2.49,,
,,2002 - 2003,"84,411.00","203,626.00",2.41,,
,,2003 - 2004,"85,337.00","198,410.00",2.33,,
,,2004 - 2005,"84,992.00","205,682.00",2.42,,
,,2005 - 2006,"82,078.00","194,437.00",2.37,,
,,2006 - 2007,"84,067.00","224,459.00",2.67,,
,,2007 - 2008,"82,853.00","213,761.00",2.58,,
,,2008 - 2009,"83,894.00","229,032.00",2.73,,
,,2009 - 2010,"85,135.00","226,629.00",2.66,,
,,2010 - 2011,"83,618.00","236,473.00",2.83,,
,,2011 - 2012,"82,274.00","222,469.00",2.7,,
,,2012 - 2013,"83,388.00","239,490.00",2.87,,
,,2013 - 2014,"81,363.00","241,811.00",2.97,,
,,2014 - 2015,"79,315.00","144,512.00",1.82,,
,,2015 - 2016,"78,645.00","176,399.00",2.24,,
,,2016 - 2017,"80,518.00","228,832.00",2.84,,
,,2017 - 2018,"81,589.00","266,225.00",3.26,,
,,2018 - 2019,"78,962.00","284,658.00",3.6,,
,,2019 - 2020,"83,026.00","257,381.00",3.1,,
,,2020 - 2021,"81,162.00","275,302.00",3.39,,
,,2021 - 2022,"85,202.00","301,700.00",3.54,,
,,2022 - 2023,"80,965.00","283,216.00",3.5,,
,50. Maharajganj,1997 - 1998,"133,674.00","295,708.00",2.21,,
,,1998 - 1999,"135,996.00","307,903.00",2.26,,
,,1999 - 2000,"138,592.00","394,975.00",2.85,,
,,2000 - 2001,"135,820.00","391,392.00",2.88,,
,,2001 - 2002,"138,696.00","369,366.00",2.66,,
,,2002 - 2003,"139,007.00","305,287.00",2.2,,
,,2003 - 2004,"143,548.00","365,487.00",2.55,,
,,2004 - 2005,"148,003.00","369,882.00",2.5,,
,,2005 - 2006,"142,975.00","202,596.00",1.42,,
,,2006 - 2007,"143,903.00","400,133.00",2.78,,
,,2007 - 2008,"149,600.00","444,162.00",2.97,,
,,2008 - 2009,"146,715.00","413,443.00",2.82,,
,,2009 - 2010,"147,110.00","432,651.00",2.94,,
,,2010 - 2011,"150,724.00","479,001.00",3.18,,
,,2011 - 2012,"149,390.00","490,896.00",3.29,,
,,2012 - 2013,"154,351.00","510,902.00",3.31,,
,,2013 - 2014,"148,850.00","500,136.00",3.36,,
,,2014 - 2015,"152,333.00","361,486.00",2.37,,
,,2015 - 2016,"153,291.00","459,260.00",3,,
,,2016 - 2017,"148,918.00","525,383.00",3.53,,
,,2017 - 2018,"145,443.00","515,741.00",3.55,,
,,2018 - 2019,"147,751.00","610,212.00",4.13,,
,,2019 - 2020,"148,985.00","600,708.00",4.03,,
,,2020 - 2021,"149,744.00","560,791.00",3.74,,
,,2021 - 2022,"155,147.00","551,392.00",3.55,,
,,2022 - 2023,"148,897.00","550,174.00",3.69,,
,51. Mahoba,1997 - 1998,"69,343.00","118,336.00",1.71,,
,,1998 - 1999,"63,669.00","123,021.00",1.93,,
,,1999 - 2000,"67,838.00","148,821.00",2.19,,
,,2000 - 2001,"63,464.00","88,521.00",1.39,,
,,2001 - 2002,"67,182.00","118,679.00",1.77,,
,,2002 - 2003,"58,607.00","72,264.00",1.23,,
,,2003 - 2004,"65,646.00","94,088.00",1.43,,
,,2004 - 2005,"63,683.00","106,844.00",1.68,,
,,2005 - 2006,"64,497.00","74,756.00",1.16,,
,,2006 - 2007,"68,763.00","91,125.00",1.33,,
,,2007 - 2008,"15,169.00","8,644.00",0.57,,
,,2008 - 2009,"36,764.00","76,546.00",2.08,,
,,2009 - 2010,"66,084.00","102,970.00",1.56,,
,,2010 - 2011,"62,202.00","76,976.00",1.24,,
,,2011 - 2012,"62,984.00","116,023.00",1.84,,
,,2012 - 2013,"71,221.00","140,868.00",1.98,,
,,2013 - 2014,"74,888.00","129,180.00",1.72,,
,,2014 - 2015,"69,598.00","67,961.00",0.98,,
,,2015 - 2016,"23,623.00","18,593.00",0.79,,
,,2016 - 2017,"74,140.00","187,505.00",2.53,,
,,2017 - 2018,"48,394.00","86,668.00",1.79,,
,,2018 - 2019,"81,887.00","230,571.00",2.82,,
,,2019 - 2020,"84,331.00","242,804.00",2.88,,
,,2020 - 2021,"71,779.00","194,394.00",2.71,,
,,2021 - 2022,"79,923.00","227,061.00",2.84,,
,,2022 - 2023,"78,392.00","308,864.00",3.94,,
,52. Mainpuri,1997 - 1998,"130,748.00","365,483.00",2.8,,
,,1998 - 1999,"132,997.00","393,099.00",2.96,,
,,1999 - 2000,"138,441.00","415,669.00",3,,
,,2000 - 2001,"132,468.00","431,832.00",3.26,,
,,2001 - 2002,"131,562.00","419,863.00",3.19,,
,,2002 - 2003,"129,362.00","395,830.00",3.06,,
,,2003 - 2004,"116,444.00","359,361.00",3.09,,
,,2004 - 2005,"117,857.00","317,173.00",2.69,,
,,2005 - 2006,"102,329.00","327,993.00",3.21,,
,,2006 - 2007,"119,101.00","355,515.00",2.98,,
,,2007 - 2008,"142,968.00","451,350.00",3.16,,
,,2008 - 2009,"146,567.00","490,560.00",3.35,,
,,2009 - 2010,"143,887.00","468,064.00",3.25,,
,,2010 - 2011,"160,611.00","559,880.00",3.49,,
,,2011 - 2012,"161,486.00","603,796.00",3.74,,
,,2012 - 2013,"152,558.00","548,751.00",3.6,,
,,2013 - 2014,"153,478.00","581,375.00",3.79,,
,,2014 - 2015,"149,855.00","349,312.00",2.33,,
,,2015 - 2016,"161,770.00","539,018.00",3.33,,
,,2016 - 2017,"149,633.00","600,776.00",4.01,,
,,2017 - 2018,"150,750.00","666,014.00",4.42,,
,,2018 - 2019,"152,866.00","678,878.00",4.44,,
,,2019 - 2020,"150,224.00","635,448.00",4.23,,
,,2020 - 2021,"150,115.00","637,839.00",4.25,,
,,2021 - 2022,"156,761.00","604,627.00",3.86,,
,,2022 - 2023,"149,897.00","601,087.00",4.01,,
,53. Mathura,1997 - 1998,"162,711.00","540,940.00",3.32,,
,,1998 - 1999,"179,992.00","540,527.00",3,,
,,1999 - 2000,"195,013.00","658,504.00",3.38,,
,,2000 - 2001,"209,170.00","713,512.00",3.41,,
,,2001 - 2002,"200,804.00","627,902.00",3.13,,
,,2002 - 2003,"188,938.00","663,797.00",3.51,,
,,2003 - 2004,"198,346.00","655,433.00",3.3,,
,,2004 - 2005,"188,891.00","589,554.00",3.12,,
,,2005 - 2006,"198,347.00","654,148.00",3.3,,
,,2006 - 2007,"188,891.00","538,340.00",2.85,,
,,2007 - 2008,"172,287.00","628,848.00",3.65,,
,,2008 - 2009,"180,271.00","689,717.00",3.83,,
,,2009 - 2010,"191,200.00","616,046.00",3.22,,
,,2010 - 2011,"192,631.00","722,174.00",3.75,,
,,2011 - 2012,"193,061.00","712,202.00",3.69,,
,,2012 - 2013,"196,974.00","735,895.00",3.74,,
,,2013 - 2014,"194,364.00","677,553.00",3.49,,
,,2014 - 2015,"194,214.00","407,849.00",2.1,,
,,2015 - 2016,"178,832.00","617,507.00",3.45,,
,,2016 - 2017,"194,285.00","797,346.00",4.1,,
,,2017 - 2018,"200,421.00","704,480.00",3.52,,
,,2018 - 2019,"203,721.00","850,331.00",4.17,,
,,2019 - 2020,"195,767.00","557,349.00",2.85,,
,,2020 - 2021,"202,884.00","712,731.00",3.51,,
,,2021 - 2022,"203,144.00","708,973.00",3.49,,
,,2022 - 2023,"194,250.00","695,998.00",3.58,,
,54. Mau,1997 - 1998,"91,207.00","214,116.00",2.35,,
,,1998 - 1999,"91,754.00","212,091.00",2.31,,
,,1999 - 2000,"92,319.00","211,816.00",2.29,,
,,2000 - 2001,"92,729.00","214,380.00",2.31,,
,,2001 - 2002,"89,439.00","221,632.00",2.48,,
,,2002 - 2003,"91,686.00","197,205.00",2.15,,
,,2003 - 2004,"91,626.00","231,294.00",2.52,,
,,2004 - 2005,"92,212.00","198,574.00",2.15,,
,,2005 - 2006,"88,008.00","208,931.00",2.37,,
,,2006 - 2007,"87,596.00","213,033.00",2.43,,
,,2007 - 2008,"89,033.00","228,993.00",2.57,,
,,2008 - 2009,"94,140.00","259,356.00",2.76,,
,,2009 - 2010,"94,791.00","227,498.00",2.4,,
,,2010 - 2011,"93,122.00","262,883.00",2.82,,
,,2011 - 2012,"94,869.00","284,417.00",3,,
,,2012 - 2013,"94,885.00","315,208.00",3.32,,
,,2013 - 2014,"93,556.00","285,626.00",3.05,,
,,2014 - 2015,"95,097.00","198,467.00",2.09,,
,,2015 - 2016,"92,953.00","232,661.00",2.5,,
,,2016 - 2017,"94,754.00","315,626.00",3.33,,
,,2017 - 2018,"95,373.00","352,975.00",3.7,,
,,2018 - 2019,"95,550.00","367,772.00",3.85,,
,,2019 - 2020,"95,061.00","329,291.00",3.46,,
,,2020 - 2021,"94,569.00","356,525.00",3.77,,
,,2021 - 2022,"98,616.00","364,879.00",3.7,,
,,2022 - 2023,"94,319.00","323,420.00",3.43,,
,55. Meerut,1997 - 1998,"82,592.00","291,966.00",3.54,,
,,1998 - 1999,"81,965.00","288,369.00",3.52,,
,,1999 - 2000,"83,892.00","324,153.00",3.86,,
,,2000 - 2001,"86,329.00","312,225.00",3.62,,
,,2001 - 2002,"82,542.00","306,025.00",3.71,,
,,2002 - 2003,"76,456.00","279,984.00",3.66,,
,,2003 - 2004,"77,880.00","293,444.00",3.77,,
,,2004 - 2005,"79,633.00","288,080.00",3.62,,
,,2005 - 2006,"79,001.00","285,036.00",3.61,,
,,2006 - 2007,"81,314.00","302,651.00",3.72,,
,,2007 - 2008,"77,856.00","288,301.00",3.7,,
,,2008 - 2009,"87,795.00","314,833.00",3.59,,
,,2009 - 2010,"81,622.00","299,308.00",3.67,,
,,2010 - 2011,"81,215.00","331,357.00",4.08,,
,,2011 - 2012,"78,449.00","330,192.00",4.21,,
,,2012 - 2013,"78,236.00","323,115.00",4.13,,
,,2013 - 2014,"76,532.00","328,475.00",4.29,,
,,2014 - 2015,"76,072.00","245,180.00",3.22,,
,,2015 - 2016,"75,480.00","308,562.00",4.09,,
,,2016 - 2017,"76,095.00","332,002.00",4.36,,
,,2017 - 2018,"75,592.00","329,959.00",4.36,,
,,2018 - 2019,"80,065.00","373,423.00",4.66,,
,,2019 - 2020,"74,650.00","340,180.00",4.56,,
,,2020 - 2021,"79,499.00","362,992.00",4.57,,
,,2021 - 2022,"81,074.00","338,889.00",4.18,,
,,2022 - 2023,"77,846.00","333,337.00",4.28,,
,56. Mirzapur,1997 - 1998,"107,142.00","188,348.00",1.76,,
,,1998 - 1999,"109,136.00","214,785.00",1.97,,
,,1999 - 2000,"111,494.00","239,884.00",2.15,,
,,2000 - 2001,"114,440.00","226,272.00",1.98,,
,,2001 - 2002,"114,486.00","223,370.00",1.95,,
,,2002 - 2003,"107,904.00","205,147.00",1.9,,
,,2003 - 2004,"112,193.00","239,018.00",2.13,,
,,2004 - 2005,"98,249.00","142,366.00",1.45,,
,,2005 - 2006,"78,382.00","124,713.00",1.59,,
,,2006 - 2007,"101,402.00","206,329.00",2.03,,
,,2007 - 2008,"90,412.00","172,158.00",1.9,,
,,2008 - 2009,"94,972.00","187,259.00",1.97,,
,,2009 - 2010,"94,173.00","187,454.00",1.99,,
,,2010 - 2011,"97,121.00","224,822.00",2.31,,
,,2011 - 2012,"98,230.00","241,442.00",2.46,,
,,2012 - 2013,"96,784.00","253,905.00",2.62,,
,,2013 - 2014,"97,530.00","248,407.00",2.55,,
,,2014 - 2015,"98,339.00","174,733.00",1.78,,
,,2015 - 2016,"90,799.00","160,943.00",1.77,,
,,2016 - 2017,"98,525.00","275,293.00",2.79,,
,,2017 - 2018,"94,546.00","278,692.00",2.95,,
,,2018 - 2019,"96,564.00","303,796.00",3.15,,
,,2019 - 2020,"96,236.00","233,240.00",2.42,,
,,2020 - 2021,"97,635.00","319,909.00",3.28,,
,,2021 - 2022,"100,512.00","351,993.00",3.5,,
,,2022 - 2023,"143,382.00","478,609.00",3.34,,
,57. Moradabad,1997 - 1998,"167,350.00","474,190.00",2.83,,
,,1998 - 1999,"170,143.00","479,685.00",2.82,,
,,1999 - 2000,"181,446.00","561,816.00",3.1,,
,,2000 - 2001,"196,895.00","623,383.00",3.17,,
,,2001 - 2002,"197,483.00","623,133.00",3.16,,
,,2002 - 2003,"195,259.00","575,001.00",2.94,,
,,2003 - 2004,"206,414.00","653,948.00",3.17,,
,,2004 - 2005,"213,188.00","548,751.00",2.57,,
,,2005 - 2006,"199,542.00","560,114.00",2.81,,
,,2006 - 2007,"195,267.00","592,635.00",3.03,,
,,2007 - 2008,"205,981.00","605,172.00",2.94,,
,,2008 - 2009,"200,496.00","646,600.00",3.23,,
,,2009 - 2010,"204,774.00","611,865.00",2.99,,
,,2010 - 2011,"196,087.00","612,968.00",3.13,,
,,2011 - 2012,"193,634.00","615,756.00",3.18,,
,,2012 - 2013,"118,320.00","362,769.00",3.07,,
,,2013 - 2014,"122,018.00","394,362.00",3.23,,
,,2014 - 2015,"122,232.00","196,916.00",1.61,,
,,2015 - 2016,"121,759.00","375,560.00",3.08,,
,,2016 - 2017,"118,927.00","417,791.00",3.51,,
,,2017 - 2018,"123,231.00","456,078.00",3.7,,
,,2018 - 2019,"115,217.00","460,983.00",4,,
,,2019 - 2020,"125,107.00","471,153.00",3.77,,
,,2020 - 2021,"121,959.00","528,204.00",4.33,,
,,2021 - 2022,"126,886.00","527,211.00",4.15,,
,,2022 - 2023,"121,331.00","507,285.00",4.18,,
,58. Muzaffarnagar,1997 - 1998,"129,534.00","424,896.00",3.28,,
,,1998 - 1999,"133,333.00","403,063.00",3.02,,
,,1999 - 2000,"136,640.00","478,756.00",3.5,,
,,2000 - 2001,"135,558.00","473,174.00",3.49,,
,,2001 - 2002,"131,725.00","489,194.00",3.71,,
,,2002 - 2003,"115,850.00","388,212.00",3.35,,
,,2003 - 2004,"125,015.00","433,333.00",3.47,,
,,2004 - 2005,"129,299.00","426,390.00",3.3,,
,,2005 - 2006,"123,911.00","416,093.00",3.36,,
,,2006 - 2007,"125,867.00","407,683.00",3.24,,
,,2007 - 2008,"130,570.00","429,967.00",3.29,,
,,2008 - 2009,"130,611.00","428,927.00",3.28,,
,,2009 - 2010,"133,556.00","459,032.00",3.44,,
,,2010 - 2011,"121,871.00","411,408.00",3.38,,
,,2011 - 2012,"133,841.00","525,995.00",3.93,,
,,2012 - 2013,"81,418.00","297,013.00",3.65,,
,,2013 - 2014,"75,244.00","279,155.00",3.71,,
,,2014 - 2015,"78,843.00","221,470.00",2.81,,
,,2015 - 2016,"83,021.00","295,970.00",3.57,,
,,2016 - 2017,"80,254.00","334,739.00",4.17,,
,,2017 - 2018,"85,624.00","341,212.00",3.99,,
,,2018 - 2019,"86,395.00","366,920.00",4.25,,
,,2019 - 2020,"81,330.00","323,775.00",3.98,,
,,2020 - 2021,"82,486.00","357,577.00",4.34,,
,,2021 - 2022,"85,686.00","339,488.00",3.96,,
,,2022 - 2023,"78,088.00","343,197.00",4.4,,
,59. Pilibhit,1997 - 1998,"138,401.00","336,031.00",2.43,,
,,1998 - 1999,"141,945.00","391,650.00",2.76,,
,,1999 - 2000,"140,527.00","489,298.00",3.48,,
,,2000 - 2001,"141,609.00","458,179.00",3.24,,
,,2001 - 2002,"140,985.00","429,988.00",3.05,,
,,2002 - 2003,"149,641.00","449,372.00",3,,
,,2003 - 2004,"162,548.00","498,135.00",3.06,,
,,2004 - 2005,"173,247.00","536,748.00",3.1,,
,,2005 - 2006,"152,401.00","502,161.00",3.29,,
,,2006 - 2007,"155,439.00","516,990.00",3.33,,
,,2007 - 2008,"158,818.00","586,991.00",3.7,,
,,2008 - 2009,"155,015.00","564,565.00",3.64,,
,,2009 - 2010,"158,573.00","535,818.00",3.38,,
,,2010 - 2011,"149,823.00","567,230.00",3.79,,
,,2011 - 2012,"150,414.00","575,935.00",3.83,,
,,2012 - 2013,"136,892.00","494,317.00",3.61,,
,,2013 - 2014,"143,500.00","525,354.00",3.66,,
,,2014 - 2015,"144,784.00","371,371.00",2.57,,
,,2015 - 2016,"154,256.00","598,051.00",3.88,,
,,2016 - 2017,"140,428.00","589,798.00",4.2,,
,,2017 - 2018,"131,987.00","559,229.00",4.24,,
,,2018 - 2019,"148,303.00","658,762.00",4.44,,
,,2019 - 2020,"138,554.00","594,812.00",4.29,,
,,2020 - 2021,"141,500.00","629,534.00",4.45,,
,,2021 - 2022,"147,217.00","590,193.00",4.01,,
,,2022 - 2023,"141,419.00","599,192.00",4.24,,
,60. Pratapgarh,1997 - 1998,"142,980.00","317,913.00",2.22,,
,,1998 - 1999,"142,527.00","279,966.00",1.96,,
,,1999 - 2000,"143,113.00","329,835.00",2.3,,
,,2000 - 2001,"142,951.00","333,524.00",2.33,,
,,2001 - 2002,"147,666.00","316,131.00",2.14,,
,,2002 - 2003,"144,715.00","295,327.00",2.04,,
,,2003 - 2004,"145,987.00","390,260.00",2.67,,
,,2004 - 2005,"147,299.00","304,995.00",2.07,,
,,2005 - 2006,"144,353.00","294,336.00",2.04,,
,,2006 - 2007,"147,300.00","359,998.00",2.44,,
,,2007 - 2008,"148,528.00","344,876.00",2.32,,
,,2008 - 2009,"146,433.00","398,091.00",2.72,,
,,2009 - 2010,"144,989.00","345,218.00",2.38,,
,,2010 - 2011,"147,798.00","415,599.00",2.81,,
,,2011 - 2012,"148,783.00","436,512.00",2.93,,
,,2012 - 2013,"146,677.00","413,042.00",2.82,,
,,2013 - 2014,"147,814.00","415,653.00",2.81,,
,,2014 - 2015,"138,562.00","191,903.00",1.38,,
,,2015 - 2016,"169,728.00","371,365.00",2.19,,
,,2016 - 2017,"150,562.00","463,731.00",3.08,,
,,2017 - 2018,"148,317.00","469,720.00",3.17,,
,,2018 - 2019,"150,515.00","514,761.00",3.42,,
,,2019 - 2020,"148,014.00","508,428.00",3.43,,
,,2020 - 2021,"147,069.00","502,535.00",3.42,,
,,2021 - 2022,"153,848.00","508,621.00",3.31,,
,,2022 - 2023,"160,468.00","540,296.00",3.37,,
,61. Rae bareli,1997 - 1998,"169,054.00","324,779.00",1.92,,
,,1998 - 1999,"171,889.00","349,843.00",2.04,,
,,1999 - 2000,"174,488.00","405,706.00",2.33,,
,,2000 - 2001,"174,808.00","382,444.00",2.19,,
,,2001 - 2002,"177,911.00","394,379.00",2.22,,
,,2002 - 2003,"181,384.00","369,605.00",2.04,,
,,2003 - 2004,"183,703.00","421,984.00",2.3,,
,,2004 - 2005,"183,488.00","394,478.00",2.15,,
,,2005 - 2006,"184,790.00","380,296.00",2.06,,
,,2006 - 2007,"184,220.00","431,415.00",2.34,,
,,2007 - 2008,"179,429.00","417,668.00",2.33,,
,,2008 - 2009,"187,533.00","477,643.00",2.55,,
,,2009 - 2010,"189,172.00","472,714.00",2.5,,
,,2010 - 2011,"166,471.00","448,960.00",2.7,,
,,2011 - 2012,"132,299.00","379,830.00",2.87,,
,,2012 - 2013,"131,752.00","373,644.00",2.84,,
,,2013 - 2014,"134,767.00","400,393.00",2.97,,
,,2014 - 2015,"167,432.00","270,235.00",1.61,,
,,2015 - 2016,"167,579.00","329,963.00",1.97,,
,,2016 - 2017,"133,720.00","438,200.00",3.28,,
,,2017 - 2018,"132,317.00","444,982.00",3.36,,
,,2018 - 2019,"133,804.00","461,089.00",3.45,,
,,2019 - 2020,"133,141.00","447,753.00",3.36,,
,,2020 - 2021,"135,517.00","528,381.00",3.9,,
,,2021 - 2022,"139,506.00","450,604.00",3.23,,
,,2022 - 2023,"168,080.00","586,095.00",3.49,,
,62. Rampur,1997 - 1998,"113,537.00","355,416.00",3.13,,
,,1998 - 1999,"123,479.00","399,829.00",3.24,,
,,1999 - 2000,"129,140.00","459,512.00",3.56,,
,,2000 - 2001,"133,686.00","489,037.00",3.66,,
,,2001 - 2002,"133,854.00","466,293.00",3.48,,
,,2002 - 2003,"127,615.00","387,862.00",3.04,,
,,2003 - 2004,"139,277.00","487,304.00",3.5,,
,,2004 - 2005,"143,963.00","429,175.00",2.98,,
,,2005 - 2006,"121,309.00","369,386.00",3.05,,
,,2006 - 2007,"140,239.00","451,990.00",3.22,,
,,2007 - 2008,"146,951.00","496,837.00",3.38,,
,,2008 - 2009,"135,631.00","469,961.00",3.46,,
,,2009 - 2010,"148,645.00","486,069.00",3.27,,
,,2010 - 2011,"144,796.00","491,872.00",3.4,,
,,2011 - 2012,"144,074.00","504,115.00",3.5,,
,,2012 - 2013,"140,318.00","487,184.00",3.47,,
,,2013 - 2014,"147,277.00","508,106.00",3.45,,
,,2014 - 2015,"147,846.00","264,644.00",1.79,,
,,2015 - 2016,"133,654.00","457,498.00",3.42,,
,,2016 - 2017,"142,046.00","556,820.00",3.92,,
,,2017 - 2018,"149,252.00","598,202.00",4.01,,
,,2018 - 2019,"148,838.00","639,706.00",4.3,,
,,2019 - 2020,"145,657.00","597,776.00",4.1,,
,,2020 - 2021,"144,307.00","610,996.00",4.23,,
,,2021 - 2022,"158,692.00","664,126.00",4.18,,
,,2022 - 2023,"150,410.00","619,990.00",4.12,,
,63. Saharanpur,1997 - 1998,"126,784.00","356,303.00",2.81,,
,,1998 - 1999,"126,209.00","354,722.00",2.81,,
,,1999 - 2000,"125,274.00","380,873.00",3.04,,
,,2000 - 2001,"121,506.00","357,788.00",2.94,,
,,2001 - 2002,"115,362.00","343,928.00",2.98,,
,,2002 - 2003,"115,306.00","331,467.00",2.87,,
,,2003 - 2004,"122,149.00","354,308.00",2.9,,
,,2004 - 2005,"120,088.00","320,022.00",2.66,,
,,2005 - 2006,"116,145.00","311,849.00",2.68,,
,,2006 - 2007,"114,276.00","335,857.00",2.94,,
,,2007 - 2008,"115,197.00","332,343.00",2.88,,
,,2008 - 2009,"139,357.00","412,915.00",2.96,,
,,2009 - 2010,"112,619.00","343,713.00",3.05,,
,,2010 - 2011,"106,909.00","320,727.00",3,,
,,2011 - 2012,"112,582.00","391,335.00",3.48,,
,,2012 - 2013,"110,575.00","374,739.00",3.39,,
,,2013 - 2014,"109,144.00","378,184.00",3.47,,
,,2014 - 2015,"118,844.00","244,224.00",2.05,,
,,2015 - 2016,"112,433.00","377,213.00",3.36,,
,,2016 - 2017,"112,624.00","423,128.00",3.76,,
,,2017 - 2018,"111,963.00","435,984.00",3.89,,
,,2018 - 2019,"111,995.00","472,283.00",4.22,,
,,2019 - 2020,"111,829.00","435,238.00",3.89,,
,,2020 - 2021,"112,258.00","466,881.00",4.16,,
,,2021 - 2022,"116,564.00","474,066.00",4.07,,
,,2022 - 2023,"111,810.00","465,912.00",4.17,,
,64. Sambhal,2012 - 2013,"140,493.00","450,702.00",3.21,,
,,2013 - 2014,"139,875.00","492,500.00",3.52,,
,,2014 - 2015,"143,456.00","283,613.00",1.98,,
,,2015 - 2016,"135,993.00","417,499.00",3.07,,
,,2016 - 2017,"136,437.00","476,574.00",3.49,,
,,2017 - 2018,"140,565.00","502,098.00",3.57,,
,,2018 - 2019,"139,858.00","564,047.00",4.03,,
,,2019 - 2020,"138,781.00","572,194.00",4.12,,
,,2020 - 2021,"138,648.00","567,764.00",4.1,,
,,2021 - 2022,"144,823.00","578,858.00",4,,
,,2022 - 2023,"138,066.00","568,004.00",4.11,,
,65. Sant kabeer nagar,1997 - 1998,"79,324.00","184,883.00",2.33,,
,,1998 - 1999,"78,031.00","167,957.00",2.15,,
,,1999 - 2000,"78,125.00","225,566.00",2.89,,
,,2000 - 2001,"83,803.00","202,647.00",2.42,,
,,2001 - 2002,"89,677.00","238,337.00",2.66,,
,,2002 - 2003,"87,964.00","208,651.00",2.37,,
,,2003 - 2004,"90,847.00","236,098.00",2.6,,
,,2004 - 2005,"90,187.00","209,399.00",2.32,,
,,2005 - 2006,"84,569.00","179,033.00",2.12,,
,,2006 - 2007,"90,187.00","221,508.00",2.46,,
,,2007 - 2008,"91,295.00","240,928.00",2.64,,
,,2008 - 2009,"92,660.00","250,553.00",2.7,,
,,2009 - 2010,"91,717.00","252,864.00",2.76,,
,,2010 - 2011,"90,776.00","251,903.00",2.77,,
,,2011 - 2012,"91,629.00","266,457.00",2.91,,
,,2012 - 2013,"91,860.00","274,110.00",2.98,,
,,2013 - 2014,"92,210.00","304,201.00",3.3,,
,,2014 - 2015,"90,522.00","224,042.00",2.48,,
,,2015 - 2016,"90,896.00","231,058.00",2.54,,
,,2016 - 2017,"91,776.00","309,944.00",3.38,,
,,2017 - 2018,"90,569.00","290,274.00",3.21,,
,,2018 - 2019,"91,366.00","306,624.00",3.36,,
,,2019 - 2020,"90,988.00","355,399.00",3.91,,
,,2020 - 2021,"91,078.00","376,972.00",4.14,,
,,2021 - 2022,"95,295.00","394,521.00",4.14,,
,,2022 - 2023,"104,802.00","422,981.00",4.04,,
,66. Sant ravidas nagar,1997 - 1998,"44,792.00","131,500.00",2.94,,
,,1998 - 1999,"45,432.00","89,822.00",1.98,,
,,1999 - 2000,"47,071.00","119,380.00",2.54,,
,,2000 - 2001,"47,490.00","115,353.00",2.43,,
,,2001 - 2002,"45,282.00","104,577.00",2.31,,
,,2002 - 2003,"46,202.00","96,504.00",2.09,,
,,2003 - 2004,"46,434.00","101,931.00",2.2,,
,,2004 - 2005,"46,740.00","73,047.00",1.56,,
,,2005 - 2006,"47,416.00","97,772.00",2.06,,
,,2006 - 2007,"37,926.00","92,691.00",2.44,,
,,2007 - 2008,"47,158.00","103,606.00",2.2,,
,,2008 - 2009,"46,622.00","121,539.00",2.61,,
,,2009 - 2010,"48,144.00","107,554.00",2.23,,
,,2010 - 2011,"44,634.00","128,055.00",2.87,,
,,2011 - 2012,"47,418.00","149,041.00",3.14,,
,,2012 - 2013,"48,269.00","137,416.00",2.85,,
,,2013 - 2014,"48,216.00","131,630.00",2.73,,
,,2014 - 2015,"48,033.00","74,114.00",1.54,,
,,2015 - 2016,"48,930.00","108,576.00",2.22,,
,,2016 - 2017,"47,044.00","156,092.00",3.32,,
,,2017 - 2018,"49,038.00","186,639.00",3.81,,
,,2018 - 2019,"49,437.00","185,620.00",3.75,,
,,2019 - 2020,"46,356.00","127,287.00",2.75,,
,,2020 - 2021,"47,585.00","172,591.00",3.63,,
,,2021 - 2022,"49,711.00","176,872.00",3.56,,
,,2022 - 2023,"48,863.00","136,621.00",2.8,,
,67. Shahjahanpur,1997 - 1998,"216,503.00","667,049.00",3.08,,
,,1998 - 1999,"243,703.00","674,459.00",2.77,,
,,1999 - 2000,"252,100.00","799,254.00",3.17,,
,,2000 - 2001,"257,834.00","844,816.00",3.28,,
,,2001 - 2002,"260,163.00","857,663.00",3.3,,
,,2002 - 2003,"242,036.00","768,266.00",3.17,,
,,2003 - 2004,"252,370.00","808,690.00",3.2,,
,,2004 - 2005,"252,570.00","782,584.00",3.1,,
,,2005 - 2006,"247,112.00","864,892.00",3.5,,
,,2006 - 2007,"252,570.00","869,346.00",3.44,,
,,2007 - 2008,"248,575.00","895,865.00",3.6,,
,,2008 - 2009,"253,928.00","915,410.00",3.6,,
,,2009 - 2010,"259,172.00","927,317.00",3.58,,
,,2010 - 2011,"249,556.00","898,651.00",3.6,,
,,2011 - 2012,"247,222.00","940,185.00",3.8,,
,,2012 - 2013,"264,247.00","959,481.00",3.63,,
,,2013 - 2014,"255,240.00","934,689.00",3.66,,
,,2014 - 2015,"260,462.00","517,017.00",1.98,,
,,2015 - 2016,"253,360.00","889,040.00",3.51,,
,,2016 - 2017,"250,679.00","1,054,356.00",4.21,,
,,2017 - 2018,"247,700.00","989,809.00",4,,
,,2018 - 2019,"272,458.00","1,216,792.00",4.47,,
,,2019 - 2020,"256,371.00","1,113,932.00",4.35,,
,,2020 - 2021,"252,861.00","1,126,749.00",4.46,,
,,2021 - 2022,"266,855.00","1,192,575.00",4.47,,
,,2022 - 2023,"231,514.00","1,006,854.00",4.35,,
,68. Shamli,2012 - 2013,"50,033.00","188,124.00",3.76,,
,,2013 - 2014,"46,385.00","173,665.00",3.74,,
,,2014 - 2015,"49,296.00","149,367.00",3.03,,
,,2015 - 2016,"53,363.00","217,241.00",4.07,,
,,2016 - 2017,"49,142.00","208,608.00",4.25,,
,,2017 - 2018,"49,633.00","228,014.00",4.59,,
,,2018 - 2019,"48,655.00","222,451.00",4.57,,
,,2019 - 2020,"48,689.00","231,711.00",4.76,,
,,2020 - 2021,"50,333.00","242,001.00",4.81,,
,,2021 - 2022,"51,942.00","226,155.00",4.35,,
,,2022 - 2023,"55,001.00","268,845.00",4.89,,
,69. Shravasti,1997 - 1998,"80,899.00","159,238.00",1.97,,
,,1998 - 1999,"81,620.00","172,354.00",2.11,,
,,1999 - 2000,"90,059.00","215,379.00",2.39,,
,,2000 - 2001,"93,469.00","211,766.00",2.27,,
,,2001 - 2002,"60,549.00","151,480.00",2.5,,
,,2002 - 2003,"59,790.00","127,578.00",2.13,,
,,2003 - 2004,"59,693.00","162,825.00",2.73,,
,,2004 - 2005,"58,437.00","134,523.00",2.3,,
,,2005 - 2006,"62,816.00","142,655.00",2.27,,
,,2006 - 2007,"58,426.00","153,251.00",2.62,,
,,2007 - 2008,"59,470.00","137,614.00",2.31,,
,,2008 - 2009,"60,890.00","162,515.00",2.67,,
,,2009 - 2010,"58,266.00","155,622.00",2.67,,
,,2010 - 2011,"62,301.00","169,210.00",2.72,,
,,2011 - 2012,"67,143.00","198,340.00",2.95,,
,,2012 - 2013,"63,787.00","171,523.00",2.69,,
,,2013 - 2014,"70,928.00","216,401.00",3.05,,
,,2014 - 2015,"68,165.00","182,410.00",2.68,,
,,2015 - 2016,"70,143.00","186,300.00",2.66,,
,,2016 - 2017,"70,872.00","212,687.00",3,,
,,2017 - 2018,"68,574.00","220,945.00",3.22,,
,,2018 - 2019,"72,186.00","246,948.00",3.42,,
,,2019 - 2020,"70,486.00","233,943.00",3.32,,
,,2020 - 2021,"70,402.00","238,944.00",3.39,,
,,2021 - 2022,"73,327.00","264,124.00",3.6,,
,,2022 - 2023,"98,200.00","328,970.00",3.35,,
,70. Siddharth nagar,1997 - 1998,"125,071.00","265,528.00",2.12,,
,,1998 - 1999,"125,339.00","289,935.00",2.31,,
,,1999 - 2000,"128,653.00","377,736.00",2.94,,
,,2000 - 2001,"130,412.00","357,941.00",2.74,,
,,2001 - 2002,"128,961.00","312,721.00",2.42,,
,,2002 - 2003,"148,348.00","303,272.00",2.04,,
,,2003 - 2004,"144,404.00","353,931.00",2.45,,
,,2004 - 2005,"145,118.00","252,776.00",1.74,,
,,2005 - 2006,"145,043.00","371,890.00",2.56,,
,,2006 - 2007,"152,837.00","385,149.00",2.52,,
,,2007 - 2008,"167,141.00","375,232.00",2.25,,
,,2008 - 2009,"167,255.00","422,821.00",2.53,,
,,2009 - 2010,"166,621.00","388,394.00",2.33,,
,,2010 - 2011,"159,332.00","499,984.00",3.14,,
,,2011 - 2012,"157,619.00","537,638.00",3.41,,
,,2012 - 2013,"159,883.00","567,105.00",3.55,,
,,2013 - 2014,"157,897.00","596,693.00",3.78,,
,,2014 - 2015,"161,544.00","408,222.00",2.53,,
,,2015 - 2016,"150,792.00","503,947.00",3.34,,
,,2016 - 2017,"156,380.00","618,796.00",3.96,,
,,2017 - 2018,"158,257.00","629,705.00",3.98,,
,,2018 - 2019,"157,672.00","689,815.00",4.38,,
,,2019 - 2020,"157,091.00","636,847.00",4.05,,
,,2020 - 2021,"156,385.00","619,597.00",3.96,,
,,2021 - 2022,"163,931.00","673,101.00",4.11,,
,,2022 - 2023,"180,842.00","723,911.00",4,,
,71. Sitapur,1997 - 1998,"192,766.00","423,769.00",2.2,,
,,1998 - 1999,"199,123.00","443,661.00",2.23,,
,,1999 - 2000,"198,814.00","481,591.00",2.42,,
,,2000 - 2001,"206,207.00","459,802.00",2.23,,
,,2001 - 2002,"198,535.00","487,280.00",2.45,,
,,2002 - 2003,"198,589.00","484,999.00",2.44,,
,,2003 - 2004,"215,644.00","542,147.00",2.51,,
,,2004 - 2005,"209,974.00","476,720.00",2.27,,
,,2005 - 2006,"202,584.00","484,784.00",2.39,,
,,2006 - 2007,"190,985.00","522,614.00",2.74,,
,,2007 - 2008,"188,632.00","522,105.00",2.77,,
,,2008 - 2009,"223,913.00","656,513.00",2.93,,
,,2009 - 2010,"223,901.00","592,666.00",2.65,,
,,2010 - 2011,"217,102.00","665,418.00",3.07,,
,,2011 - 2012,"215,859.00","682,114.00",3.16,,
,,2012 - 2013,"212,016.00","674,635.00",3.18,,
,,2013 - 2014,"210,932.00","651,569.00",3.09,,
,,2014 - 2015,"208,675.00","372,484.00",1.78,,
,,2015 - 2016,"214,593.00","533,264.00",2.49,,
,,2016 - 2017,"212,207.00","715,562.00",3.37,,
,,2017 - 2018,"210,935.00","685,961.00",3.25,,
,,2018 - 2019,"205,409.00","714,823.00",3.48,,
,,2019 - 2020,"208,656.00","700,876.00",3.36,,
,,2020 - 2021,"210,592.00","764,449.00",3.63,,
,,2021 - 2022,"219,450.00","831,935.00",3.79,,
,,2022 - 2023,"209,869.00","793,305.00",3.78,,
,72. Sonbhadra,1997 - 1998,"58,020.00","59,628.00",1.03,,
,,1998 - 1999,"58,323.00","62,289.00",1.07,,
,,1999 - 2000,"58,876.00","80,314.00",1.36,,
,,2000 - 2001,"59,174.00","71,567.00",1.21,,
,,2001 - 2002,"61,150.00","99,663.00",1.63,,
,,2002 - 2003,"63,344.00","105,689.00",1.67,,
,,2003 - 2004,"68,750.00","98,798.00",1.44,,
,,2004 - 2005,"52,029.00","53,275.00",1.02,,
,,2005 - 2006,"68,750.00","69,866.00",1.02,,
,,2006 - 2007,"52,112.00","67,457.00",1.29,,
,,2007 - 2008,"22,193.00","35,292.00",1.59,,
,,2008 - 2009,"47,669.00","71,770.00",1.51,,
,,2009 - 2010,"56,692.00","107,924.00",1.9,,
,,2010 - 2011,"53,912.00","92,894.00",1.72,,
,,2011 - 2012,"55,981.00","105,693.00",1.89,,
,,2012 - 2013,"54,811.00","117,261.00",2.14,,
,,2013 - 2014,"57,853.00","135,887.00",2.35,,
,,2014 - 2015,"57,789.00","117,617.00",2.04,,
,,2015 - 2016,"58,322.00","92,744.00",1.59,,
,,2016 - 2017,"56,012.00","134,857.00",2.41,,
,,2017 - 2018,"54,274.00","127,922.00",2.36,,
,,2018 - 2019,"57,964.00","156,734.00",2.7,,
,,2019 - 2020,"60,343.00","144,001.00",2.39,,
,,2020 - 2021,"57,786.00","151,646.00",2.62,,
,,2021 - 2022,"63,408.00","175,957.00",2.77,,
,,2022 - 2023,"81,130.00","231,058.00",2.85,,
,73. Sultanpur,1997 - 1998,"162,420.00","428,513.00",2.64,,
,,1998 - 1999,"163,360.00","393,140.00",2.41,,
,,1999 - 2000,"163,955.00","443,276.00",2.7,,
,,2000 - 2001,"163,002.00","413,259.00",2.54,,
,,2001 - 2002,"163,760.00","431,839.00",2.64,,
,,2002 - 2003,"165,268.00","424,135.00",2.57,,
,,2003 - 2004,"166,983.00","462,053.00",2.77,,
,,2004 - 2005,"167,024.00","422,457.00",2.53,,
,,2005 - 2006,"164,944.00","425,554.00",2.58,,
,,2006 - 2007,"165,817.00","452,172.00",2.73,,
,,2007 - 2008,"168,720.00","471,569.00",2.79,,
,,2008 - 2009,"169,501.00","478,331.00",2.82,,
,,2009 - 2010,"169,281.00","462,122.00",2.73,,
,,2010 - 2011,"103,237.00","327,043.00",3.17,,
,,2011 - 2012,"104,286.00","332,464.00",3.19,,
,,2012 - 2013,"104,661.00","325,914.00",3.11,,
,,2013 - 2014,"104,250.00","256,247.00",2.46,,
,,2014 - 2015,"104,295.00","238,836.00",2.29,,
,,2015 - 2016,"116,068.00","329,401.00",2.84,,
,,2016 - 2017,"101,118.00","342,487.00",3.39,,
,,2017 - 2018,"114,555.00","461,653.00",4.03,,
,,2018 - 2019,"104,661.00","436,855.00",4.17,,
,,2019 - 2020,"104,036.00","412,815.00",3.97,,
,,2020 - 2021,"104,600.00","403,756.00",3.86,,
,,2021 - 2022,"109,991.00","447,663.00",4.07,,
,,2022 - 2023,"116,559.00","449,568.00",3.86,,
,74. Unnao,1997 - 1998,"193,705.00","436,790.00",2.25,,
,,1998 - 1999,"197,635.00","430,859.00",2.18,,
,,1999 - 2000,"207,814.00","518,877.00",2.5,,
,,2000 - 2001,"206,256.00","469,647.00",2.28,,
,,2001 - 2002,"209,993.00","515,813.00",2.46,,
,,2002 - 2003,"213,721.00","538,964.00",2.52,,
,,2003 - 2004,"218,556.00","565,367.00",2.59,,
,,2004 - 2005,"223,707.00","542,488.00",2.42,,
,,2005 - 2006,"218,555.00","520,358.00",2.38,,
,,2006 - 2007,"222,960.00","638,307.00",2.86,,
,,2007 - 2008,"226,162.00","599,103.00",2.65,,
,,2008 - 2009,"232,176.00","686,542.00",2.96,,
,,2009 - 2010,"236,773.00","653,471.00",2.76,,
,,2010 - 2011,"239,040.00","708,754.00",2.97,,
,,2011 - 2012,"240,711.00","718,277.00",2.98,,
,,2012 - 2013,"240,113.00","686,003.00",2.86,,
,,2013 - 2014,"241,717.00","736,753.00",3.05,,
,,2014 - 2015,"243,188.00","488,078.00",2.01,,
,,2015 - 2016,"237,761.00","528,305.00",2.22,,
,,2016 - 2017,"242,102.00","772,547.00",3.19,,
,,2017 - 2018,"244,358.00","798,318.00",3.27,,
,,2018 - 2019,"241,879.00","937,039.00",3.87,,
,,2019 - 2020,"242,533.00","801,572.00",3.31,,
,,2020 - 2021,"242,573.00","844,154.00",3.48,,
,,2021 - 2022,"252,710.00","861,741.00",3.41,,
,,2022 - 2023,"241,665.00","846,794.00",3.5,,
,75. Varanasi,1997 - 1998,"69,282.00","199,806.00",2.88,,
,,1998 - 1999,"68,591.00","154,746.00",2.26,,
,,1999 - 2000,"68,652.00","185,859.00",2.71,,
,,2000 - 2001,"67,491.00","170,635.00",2.53,,
,,2001 - 2002,"64,746.00","165,141.00",2.55,,
,,2002 - 2003,"66,918.00","142,279.00",2.13,,
,,2003 - 2004,"68,777.00","178,850.00",2.6,,
,,2004 - 2005,"69,457.00","132,019.00",1.9,,
,,2005 - 2006,"69,323.00","148,663.00",2.14,,
,,2006 - 2007,"69,702.00","176,671.00",2.53,,
,,2007 - 2008,"76,433.00","194,260.00",2.54,,
,,2008 - 2009,"69,728.00","196,842.00",2.82,,
,,2009 - 2010,"70,988.00","178,387.00",2.51,,
,,2010 - 2011,"70,642.00","198,007.00",2.8,,
,,2011 - 2012,"69,610.00","210,381.00",3.02,,
,,2012 - 2013,"69,705.00","214,609.00",3.08,,
,,2013 - 2014,"69,399.00","188,955.00",2.72,,
,,2014 - 2015,"68,617.00","127,010.00",1.85,,
,,2015 - 2016,"68,502.00","165,021.00",2.41,,
,,2016 - 2017,"70,914.00","239,146.00",3.37,,
,,2017 - 2018,"69,363.00","234,528.00",3.38,,
,,2018 - 2019,"68,973.00","241,128.00",3.5,,
,,2019 - 2020,"68,369.00","225,602.00",3.3,,
,,2020 - 2021,"69,795.00","256,304.00",3.67,,
,,2021 - 2022,"72,087.00","259,153.00",3.6,,
,,2022 - 2023,"70,793.00","173,726.00",2.45,,
